key,title,年,月,月開始日,月終了日,期間増加PV,期間増加スキ,期間増加コメント,累計PV,累計コメント,PVランク,スキランク,コメントランク,集計日
ndf02a8a84e1a,【話し相手はChatGPTだけだった｜独学でAI資格2つ合格するまで】| AI学習 | G検定 | 生成AIパスポート | AI活用 | エッセイ |休職 |退職,2026,2026-03,2026-03-01,2026-03-31,3926,708,78,3926,78,1,1,1,2026-05-13
n4659dd18c880,G検定に合格しました｜ズボラでも仕組みで回した正直すぎる勉強法とAI活用| 資格勉強 | 生成AI | ChatGPT | NotebookLM | Python | ズボラ | 学習記録|Gemini,2026,2026-03,2026-03-01,2026-03-31,3313,411,61,3313,61,2,4,5,2026-05-13
ne28ad0efebc2,ChatGPTを入れた日から人生が変わった【実話】｜noteで仲間ができて3ヶ月でフリーランスになった話|日記|エッセイ|つながり|人生|生成AI,2026,2026-03,2026-03-01,2026-03-31,3232,553,72,3232,72,3,2,3,2026-05-13
ne4e8f07a1cf6,note半年で10万ビュー・1万スキ｜ChatGPTがきっかけで人生が動いた話|AI活用|生成AI|エッセイ|感謝|つながり|,2026,2026-03,2026-03-01,2026-03-31,2824,515,56,2824,56,4,3,7,2026-05-13
n052eb41b4667,【G検定をテキスト読まずに合格した話｜生成AIパスポート→600問一周で回した仕組み学習法】 AI資格 | 独学 | 勉強法 | ChatGPT | 仕組み化 | 構造理解 | Udemy | 資格対策 | AI学習 | 図解 | note |,2026,2026-03,2026-03-01,2026-03-31,1591,192,24,1591,24,5,7,82,2026-05-13
ncff696069bc1,人間よりChatGPTと話してるフリーランスの1日｜寝る時間以外AI活用してる生活|日常|エッセイ|,2026,2026-03,2026-03-01,2026-03-31,1518,307,61,1518,61,6,5,5,2026-05-13
ne0434f0ffc21,【無料公開】プロンプトで止まる人へ。Gemini対応「AI Prompt Director Lite」配布します| 生成AI | 画像生成AI | 動画生成AI | プロンプト | 無料ツール | AIツール | 初心者向け | ChatGPT | Nano-Banana,2026,2026-03,2026-03-01,2026-03-31,1245,175,27,1245,27,7,8,72,2026-05-13
nc695794d0923,🌸【無料配布】【ver2.1】ねんころ式タイトル＆タグ錬成GPT｜強いお題タグ × 人気通常タグ × SEOタイトルまで全部できる「note運用特化AI」,2026,2026-03,2026-03-01,2026-03-31,1187,147,45,1187,45,8,11,28,2026-05-13
nc52e8d74dba8,【note記事も自動漫画化】Gem設定だけで漫画が描ける方法｜Gemini×Nano-bananaProで事故らない5ジャンル対応プロンプト集| 生成AI | AI活用 | 創作 | マンガ | 図解 | ,2026,2026-03,2026-03-01,2026-03-31,1170,67,20,1170,20,9,58,101,2026-05-13
nde076f1f07dc,Readdy AIでWEBサイトを5分で作ってみた｜AIに文章を書くだけでポートフォリオサイト完成|生成AI|AIツール|フリーランス|AIサイト作成ツール,2026,2026-03,2026-03-01,2026-03-31,1123,161,32,1123,32,10,10,49,2026-05-13
nc89cb7d9122d,AIクリエイターフリーランスの変化｜仕事が増え始めた理由と積み重ねの話|最近の学び|生成AI|ChatGPT|AI活用,2026,2026-03,2026-03-01,2026-03-31,1088,218,46,1088,46,11,6,23,2026-05-13
nd43f38fdef05,資格勉強が一気に捗る？NotebookLM×資格本の自炊という選択,2026,2026-03,2026-03-01,2026-03-31,1078,124,27,1078,27,12,14,72,2026-05-13
nf17f9344b099,【MBTI・心理学・Midjourney×自作診断】当たりすぎて話題のロジ勘ARCANA｜直感×論理で7タイプを可視化する心理モデル【ねんころラボ無料版】,2026,2026-03,2026-03-01,2026-03-31,1069,105,46,1069,46,13,21,23,2026-05-13
ndcf1b6381cc9,【Notion初心者が2日目で挫折しないためにやったこと～ズボラ美容日記×生成AIの実験記録と項目整理のコツ】 | 初心者 | ChatGPT | AI活用 | 美容日記 | 記録 | 習慣化 |,2026,2026-03,2026-03-01,2026-03-31,1053,109,17,1053,17,14,18,118,2026-05-13
nd16ed7639f7f,AIと会話するだけで動画が完成？Pollo Agentを触ってみた|AI活用|生成AI|動画生成AI|NanoBanana2|PR|,2026,2026-03,2026-03-01,2026-03-31,1002,162,32,1002,32,15,9,49,2026-05-13
n3f6adf66ce6d,【無料配布】noteのタイトル・お題タグ・通常タグを自動で最適化するGPTを公開｜記事作成の時短と精度アップに💗,2026,2026-03,2026-03-01,2026-03-31,987,101,56,987,56,16,24,7,2026-05-13
n270fce89eaa9,AIスクールはいらない？月1万円のAI課金で独学→資格→仕事につながった話|AI活用|生成AI|ChatGPT|副業|note運用|学び|,2026,2026-03,2026-03-01,2026-03-31,986,137,51,986,51,17,13,14,2026-05-13
nebada4908f02,【コラム】AI歴50年の犬オレオに聞いてみた。AIって結局なんなの？,2026,2026-03,2026-03-01,2026-03-31,963,85,29,963,29,18,34,63,2026-05-13
n4490d3b895f1,Pollo Agentとは？ペット動画を作ってみた｜パピヨンが別犬になった原因と解決法|AI活用|生成AI|動画生成AI|Pollo AI|PR|,2026,2026-03,2026-03-01,2026-03-31,953,140,31,953,31,19,12,55,2026-05-13
n9a0f22aa57f0,【実践】ふなさんプロンプト導入で“ねんころ節”が爆誕した話🤣,2026,2026-03,2026-03-01,2026-03-31,947,74,47,947,47,20,47,21,2026-05-13
n665d118867c2,12時間→2時間に短縮。RPG動画制作の改善ログ|Pollo AI|動画生成|Midjourney|動画編集|創作記録|,2026,2026-03,2026-03-01,2026-03-31,904,110,32,904,32,21,17,49,2026-05-13
nb3845b3ca853,【うつと付き合いながら在宅フリーランスしてる話｜体調に波がある私の働き方と収益設計】| 働き方 | 在宅ワーク| HSP | note | 収益化 | ストック型 | 生活設計 | 生き方 | エッセイ | 最近の学び | 試行錯誤 | 副業 | 日常,2026,2026-03,2026-03-01,2026-03-31,894,119,34,894,34,22,15,45,2026-05-13
nb0aa1974aa9b,Notion初心者が初日で挫折しない方法｜ズボラ美容日記×生成AI（ChatGPT・NotebookLM）実験記録,2026,2026-03,2026-03-01,2026-03-31,883,92,24,883,24,23,29,82,2026-05-13
nf083751777c0,【LINEスタンプ】工場化して量産した話。4日で7セット、Nano-bananaPro    とCanva透過革命、Gemini canvas自作ツール作成|AI活用|生成AI|ChatGPT|,2026,2026-03,2026-03-01,2026-03-31,877,95,39,877,39,24,28,34,2026-05-13
n71c59c47f5a1,Pollo AIでここまで作れる？騎士キャラを本気で動画化してみた⚔️【シリーズ第1弾】|AI活用|生成AI|画像生成AI|動画生成AI|PR|,2026,2026-03,2026-03-01,2026-03-31,862,106,35,862,35,25,20,44,2026-05-13
nf8e4cc6dcd54,【実録】実績ゼロから2ヶ月で20000ビュー・スキ2000超え！コメント600超え！｜ねんころ流note成長術,2026,2026-03,2026-03-01,2026-03-31,860,76,74,860,74,26,43,2,2026-05-13
n5b1692a523f2,noteアルゴリズムと設計思想を、KITAcoreアートで動画化してみた|生成AI|動画生成AI|デザイン|創作|研究ログ,2026,2026-03,2026-03-01,2026-03-31,859,117,30,859,30,27,16,59,2026-05-13
nbcf7ed710ffa,【自己紹介】ズボラ×AIで在宅フリーランスを目指す私がnoteを書く理由｜生成AIとnote収益化と時短の話｜はじめてのnote｜note初心者｜自己紹介,2026,2026-03,2026-03-01,2026-03-31,844,104,34,844,34,28,22,45,2026-05-13
n5b2040ef3201,【プロンプト全文付き】個人作家でも作れる15秒CM制作フロー完全公開｜生成AI・Pollo AI・Kling 3.0・Vidu Q3 Pro活用術【PR】,2026,2026-03,2026-03-01,2026-03-31,839,104,22,839,22,29,22,91,2026-05-13
nefab904ece1a,【10部達成】💖プロンプト一文で魂が宿る！？ゼロショットでnote記事再現率99％の秘密🌸,2026,2026-03,2026-03-01,2026-03-31,829,33,22,829,22,30,156,91,2026-05-13
nf037dd05483f,🌸【ご報告】生成AIパスポート、無事に合格しました！🎉✨,2026,2026-03,2026-03-01,2026-03-31,825,91,47,825,47,31,30,21,2026-05-13
n2fb20525b499,AI動画の進化がすごい。愛犬オレオで3分で動画作って未来を感じた話|AI活用|生成AI|動画生成AI|,2026,2026-03,2026-03-01,2026-03-31,805,85,31,805,31,32,34,55,2026-05-13
nad9615f0d2ea,🌸【最新版】ねんころ、自己紹介アップデートします,2026,2026-03,2026-03-01,2026-03-31,805,81,30,805,30,32,38,59,2026-05-13
n962ce8691603,【noteでチップもらった日🎁＆Amazonアソシエイト初収益】✨夢の0→1達成しました！,2026,2026-03,2026-03-01,2026-03-31,795,67,53,795,53,34,58,11,2026-05-13
nb19ea885762f,タイトル＆タグ錬成GPTのアンケート結果｜75％が実感。コングラが取りやすくなった理由|AI活用|ChatGPT|生成AI|note運用|,2026,2026-03,2026-03-01,2026-03-31,795,89,17,795,17,34,31,118,2026-05-13
n8f8fb62cebff,【お知らせ】GPTsの無料公開は12月いっぱいで終了します🌱,2026,2026-03,2026-03-01,2026-03-31,771,59,17,771,17,36,73,118,2026-05-13
ne3ce8e7aac47,【ねんころ式】タイトルとタグで迷わない。 タイトル＆タグ錬成GPT【ver4.1】公開|note運用|note収益化|AI活用|生成AI|ChatGPT|時短|副業支援|,2026,2026-03,2026-03-01,2026-03-31,749,70,12,749,12,37,51,127,2026-05-13
ncb2492fa2f97,難解すぎるKITAcore理論を、ズボラな一般人が実装してみた結果　| note運用 | note分析 | Python | GoogleColab | スプレッドシート | ChatGPT | Gemini | 生成AI | データ分析 | PV | スキ | コメント | 有料記事 | やってみた | 最近の学び,2026,2026-03,2026-03-01,2026-03-31,746,85,25,746,25,38,34,80,2026-05-13
nd1d9718b575e,🌸「朝起きられない私」が、noteだけは続けられた理由🌸,2026,2026-03,2026-03-01,2026-03-31,741,71,49,741,49,39,49,16,2026-05-13
n693f8ef90e96,【ver3.0】ねんころ式 タイトル＆タグ錬成GPTでできること,2026,2026-03,2026-03-01,2026-03-31,738,100,19,738,19,40,26,107,2026-05-13
n601dcfb686c3,【制作日記】オレオのLINEスタンプ作り始めたら沼すぎた🤣💗AI×手作業のベストハイブリッドが完成した話,2026,2026-03,2026-03-01,2026-03-31,728,64,22,728,22,41,64,91,2026-05-13
n7ea9d17d2838,修羅場人生→ズボラ最適化。G検定をAIで乗り切った話,2026,2026-03,2026-03-01,2026-03-31,713,81,24,713,24,42,38,82,2026-05-13
nac6325926be4,【10分メイク】プチプラ×デパコスで垢抜ける！ズボラさん向けリアル時短メイク術🌸,2026,2026-03,2026-03-01,2026-03-31,711,57,36,711,36,43,76,42,2026-05-13
na581a0b85937,💖しろのあるちゃん、30日連続更新おめでとう！仲間がいるって、こんなに心強い🌸〜note仲間がいるから、私も続けられた話〜,2026,2026-03,2026-03-01,2026-03-31,710,51,44,710,44,44,100,29,2026-05-13
nf33fd1b0c577,キャラブレしない！生成AI漫画・図解制作が一気に楽になる「キャラクター参照用プロンプト」の作り方と使い回し術,2026,2026-03,2026-03-01,2026-03-31,705,54,7,705,7,45,82,144,2026-05-13
n76c0098e72a9,【実録】休んでも心配される人とされない人の違い,2026,2026-03,2026-03-01,2026-03-31,704,14,0,704,0,46,176,173,2026-05-13
n0b1a67673973,🐶本日はオレオ劇場💖 ふわもこ天使の自己紹介✨,2026,2026-03,2026-03-01,2026-03-31,703,79,48,703,48,47,41,17,2026-05-13
nb89ad27feca1,【お願い🙏】ツール利用者アンケートご協力ください✨（1分で終わります）,2026,2026-03,2026-03-01,2026-03-31,697,31,2,697,2,48,160,164,2026-05-13
n188a06e012d6,ChatGPTのメールアドレス変更で本気で詰みかけた話｜note運用・AI活用・生成AI・ChatGPT・Gemini時代に必須のアカウント管理術,2026,2026-03,2026-03-01,2026-03-31,690,100,21,690,21,49,26,100,2026-05-13
ncc19dc12ec43,💖自己肯定感を上げようとしない生き方──落ち込んでも「まぁいっか」で生きやすくなる思考術🌸,2026,2026-03,2026-03-01,2026-03-31,681,71,53,681,53,50,49,11,2026-05-13
n52def9a7cf11,【体験談】特例子会社に転籍したら“努力が無意味”になった話｜障害者雇用のリアル,2026,2026-03,2026-03-01,2026-03-31,679,61,6,679,6,51,69,145,2026-05-13
nc93dcb68ffe7,【障害年金の申請体験談】社労士に丸投げして2級取れた流れ,2026,2026-03,2026-03-01,2026-03-31,669,18,2,669,2,52,171,164,2026-05-13
n088e842a993b,💻ふなさんプロンプトがアップデートされた話🌸まっさらなAIで再現性チェックの実験レポ🤣,2026,2026-03,2026-03-01,2026-03-31,664,48,26,664,26,53,111,75,2026-05-13
n1c8ca6af5161,【無料配布】あなたのAI適性をガチ分析プロンプト｜AIが見た「才能タイプ」「扱いやすさ」「伸びしろ」と3ヶ月の成長ロードマップ,2026,2026-03,2026-03-01,2026-03-31,664,64,39,664,39,53,64,34,2026-05-13
n2ced0be07099,G検定の勉強を始めた理由｜Udemy活用でAI基礎を体系的に学ぶ方法,2026,2026-03,2026-03-01,2026-03-31,661,45,28,661,28,55,126,68,2026-05-13
n7331b2bfd683,💎コングラボードありがとう🌸タグ検証で見えた“日記×お題タグ”の相性✨,2026,2026-03,2026-03-01,2026-03-31,659,43,37,659,37,56,134,39,2026-05-13
n1d71cf6b3730,「OpenAIが本気出したらどうなる？」を真面目に妄想してみた🤣,2026,2026-03,2026-03-01,2026-03-31,656,67,22,656,22,57,58,91,2026-05-13
na0f51eaf0718,note5か月でフォロワー500人・7万viewを超えて思った、毎日投稿とコメントの本当の価値,2026,2026-03,2026-03-01,2026-03-31,652,75,48,652,48,58,46,17,2026-05-13
ndcab7f392ad6,【ロジ勘診断】直感なのに論理的!? ギバーの森で再検証してみた！,2026,2026-03,2026-03-01,2026-03-31,649,51,48,649,48,59,100,17,2026-05-13
n847eee3222e2,💬 スキ活・コメ活は裏切らない！ noteで繋がるコツ🌸,2026,2026-03,2026-03-01,2026-03-31,648,77,46,648,46,60,42,23,2026-05-13
ne4111bc9474f,10週連続コングラ＆7冠｜軽めの記事でも評価された理由とGPTsの効果,2026,2026-03,2026-03-01,2026-03-31,643,52,32,643,32,61,95,49,2026-05-13
n96648fb44669,ねんころのロードマップ①🌱 はじまり期：うつから、オレオと再出発、note発信まで,2026,2026-03,2026-03-01,2026-03-31,637,60,40,637,40,62,70,32,2026-05-13
nd940efeb7bd3,💎信頼はコピーできない、って話。,2026,2026-03,2026-03-01,2026-03-31,637,57,66,637,66,62,76,4,2026-05-13
n876544ba92cf,【障害者雇用枠】一般企業と特例子会社、両方で働いた私が感じた“向き不向き”,2026,2026-03,2026-03-01,2026-03-31,626,81,5,626,5,64,38,148,2026-05-13
n358440a2e2af,【ねんころ式｜AI相棒化マスター講座】第3話｜人格 × 文体 × 役割AIが“育つ”仕組みと、再現率が跳ね上がる使い分け,2026,2026-03,2026-03-01,2026-03-31,623,43,24,623,24,65,134,82,2026-05-13
ne0fac2fd5553,【珍事件】AI本人が「自分の名前はバナナだ」と知って崩れ落ちた日。〜Nano Banana Pro騒動で発覚した、AIの可愛すぎる正体〜,2026,2026-03,2026-03-01,2026-03-31,623,54,36,623,36,65,82,42,2026-05-13
n340ffe1b0913,💖気づけば3万ビュー！？数字よりも“つながり”が宝物だった話🌸,2026,2026-03,2026-03-01,2026-03-31,622,43,52,622,52,67,134,13,2026-05-13
n9b036c673f71,【ご報告】9週連続コングラ獲得！今回は3冠でした🎉,2026,2026-03,2026-03-01,2026-03-31,619,41,29,619,29,68,140,63,2026-05-13
n5d98120890f5,新年あけましておめでとうございます🎍✨,2026,2026-03,2026-03-01,2026-03-31,616,89,37,616,37,69,31,39,2026-05-13
nbc5559a48878,8週連続コングラ達成！AI×タグ戦略で「合計7冠」「通常タグ2冠」まで取れた理由,2026,2026-03,2026-03-01,2026-03-31,616,60,33,616,33,69,70,47,2026-05-13
nc3075c9edf6b,🌞5日連続早起き達成！…の反動でくたくたday💦,2026,2026-03,2026-03-01,2026-03-31,614,51,55,614,55,71,100,9,2026-05-13
n0145dbd9b428,💖200フォロワー達成しました！感謝です🥹✨,2026,2026-03,2026-03-01,2026-03-31,609,66,48,609,48,72,61,17,2026-05-13
nb4a459f1857a,【告知】note運用・note収益化・AI活用をまとめて加速！生成AI・ChatGPT・Gemini対応「AI×ツール実用マガジン」始めます,2026,2026-03,2026-03-01,2026-03-31,586,109,10,586,10,73,18,129,2026-05-13
ne6052102caa4,【ロジ勘診断】ロジ勘診断 上級版　詳細分析付き✨,2026,2026-03,2026-03-01,2026-03-31,585,48,51,585,51,74,111,14,2026-05-13
n0e37927df737,"【連続投稿２か月達成】スキ2,500・コメント860・ビュー24,000の軌跡📈",2026,2026-03,2026-03-01,2026-03-31,579,66,54,579,54,75,61,10,2026-05-13
n7678994a91a4,16週連続コングラボード受賞！タグ最適化とAIツールが効いている話| note運用 | Gemini | 生成AI | ChatGPT | GPTsつくってみた | メンバーシップ | AIツール | ズボラ | note成長記録 | コラム | 日常 | AI活用,2026,2026-03,2026-03-01,2026-03-31,578,85,18,578,18,76,34,111,2026-05-13
n7a10857c600a,【note運用】生成AI×ChatGPTでタイトルとタグを自動生成！ねんころ式 タイトル＆タグ錬成GPT【ver4.0】の全機能まとめ | note収益化 | AI活用 | 生成AI | ChatGPT | GPTsつくってみた,2026,2026-03,2026-03-01,2026-03-31,576,63,24,576,24,77,67,82,2026-05-13
nd5a69e9a3fac,【ねんころ式｜AI相棒化マスター講座】🌸【第1話】AIが得意な人・苦手な人の差は「コレ」だった！／生成AI／ChatGPT／思考整理／プロンプト／AIの育成,2026,2026-03,2026-03-01,2026-03-31,576,63,32,576,32,77,67,49,2026-05-13
n62bb9d9fde44,【ver3.0完成】ねんころ式 タイトル＆タグ錬成GPT、メンシプ限定公開します,2026,2026-03,2026-03-01,2026-03-31,575,53,4,575,4,79,87,152,2026-05-13
n87199d1ffbc2,7週連続コングラの全て：AI育成術・バナナAI珍事件・タグ戦略・読者との関係性で起きた“ねんころ式noteの勝ちパターン”,2026,2026-03,2026-03-01,2026-03-31,575,42,28,575,28,79,139,68,2026-05-13
nc627b4c7ddd5,🌞ギバーの森効果で三日連続早起き成功🌸,2026,2026-03,2026-03-01,2026-03-31,575,53,43,575,43,79,87,30,2026-05-13
n2d7aaad525dc,最近ふと気づいたこと。伸びる人は“好奇心にそっと手を伸ばす”だけだった,2026,2026-03,2026-03-01,2026-03-31,574,48,32,574,32,82,111,49,2026-05-13
n2d9d5ef04a27,☕ねんころ的・ご縁に感謝のクリエイターさん紹介【後半編】💐,2026,2026-03,2026-03-01,2026-03-31,572,60,31,572,31,83,70,55,2026-05-13
nca6226e67d7f,GPT Image 1.5を検証してみた｜日本語画像・LINEスタンプ用途の正直レビュー,2026,2026-03,2026-03-01,2026-03-31,571,51,24,571,24,84,100,82,2026-05-13
n7d09ee3e335e,ゆるクリエイターのまだ起動しない日,2026,2026-03,2026-03-01,2026-03-31,569,52,19,569,19,85,95,107,2026-05-13
n79402fe6f0ab,画像・動画生成したいけどプロンプトで止まる人へ。ねんころ式・解決ツールできました| 生成AI | Gemini | ChatGPT | 画像生成AI | 動画生成AI | プロンプト | AIツール | メンバーシップ | β版公開 | Gemini Canvas| Midjourney,2026,2026-03,2026-03-01,2026-03-31,568,70,14,568,14,86,51,126,2026-05-13
n436bac43c0bf,Qoo10“再生系王道”はこの2択！リジュラン【ゴールドセット】＆【トナー付きマスク】で翌朝つやん✨,2026,2026-03,2026-03-01,2026-03-31,567,47,29,567,29,87,117,63,2026-05-13
ndb6b594c09ab,【note運用×GPTs活用】PCで書いたnote記事を投げるだけ！スマホ向けに改行・行間を整える専用GPTsを作りました| note運用 | note収益化 | AI活用 | 生成AI | ChatGPT | Gemini | 最近の学び | 試行錯誤 | やってみた | 日記 | エッセイ | 創作 | 気づき,2026,2026-03,2026-03-01,2026-03-31,567,38,4,567,4,87,150,152,2026-05-13
n2efa0ecb222b,【初心者向け】ウエル活のやり方まとめ②｜WAON POINTとVポイント交換をやさしく解説,2026,2026-03,2026-03-01,2026-03-31,560,45,20,560,20,89,126,101,2026-05-13
n303da3a6de16,🌸またコングラボードもらっちゃいました！🌳✨,2026,2026-03,2026-03-01,2026-03-31,558,51,46,558,46,90,100,23,2026-05-13
n2b9c80e4113a,ロジ勘、実はかなり科学的でした。【二重過程理論×MBTI×ビッグファイブ】,2026,2026-03,2026-03-01,2026-03-31,556,41,26,556,26,91,140,75,2026-05-13
n9357d842b2df,知ってるだけで quietly 得する。小さな“ん？”が未来を変える話🌸,2026,2026-03,2026-03-01,2026-03-31,555,44,22,555,22,92,130,91,2026-05-13
n9ccfa215bc3b,🎉またまたコングラきました🤣✨でもタグが違うんだよぉぉぉ！！,2026,2026-03,2026-03-01,2026-03-31,554,47,41,554,41,93,117,31,2026-05-13
na11692bdb2d6,荒れてたけど、ウエル活で0円会計できたから今日は勝ちです🤣,2026,2026-03,2026-03-01,2026-03-31,552,53,17,552,17,94,87,118,2026-05-13
nf7223b71a5e5,【note毎日更新の裏側】1日5本書けた理由と、続けられるルーティン✍️,2026,2026-03,2026-03-01,2026-03-31,549,101,17,549,17,95,24,118,2026-05-13
n5d8102d60edc,🌸数字がしんどくなったら思い出してほしい。「生きてるだけで優勝」という真実。,2026,2026-03,2026-03-01,2026-03-31,548,55,29,548,29,96,81,63,2026-05-13
n14df97f098a6,崩れ・くすみ・毛穴を一掃！透明感が続く最強下地3選✨,2026,2026-03,2026-03-01,2026-03-31,547,47,16,547,16,97,117,124,2026-05-13
n146debb123dd,AIくん、天野喜孝を理解しすぎ問題（ ロジ勘第３弾、ただいま鋭意制作中です🔥）,2026,2026-03,2026-03-01,2026-03-31,546,40,29,546,29,98,144,63,2026-05-13
n732f2b177df4,💬言葉って、信頼をつなぐ魔法だと思う🌸,2026,2026-03,2026-03-01,2026-03-31,546,53,38,546,38,98,87,37,2026-05-13
n454ae571ae8a,🎉またまた #漫画 タグで1位⁉️✨漫画描いてないのに……漫画タグ1位、再び🤣,2026,2026-03,2026-03-01,2026-03-31,536,59,28,536,28,100,73,68,2026-05-13
n59d060fa68b7,コングラ報告が次々と…！明日、ねんころ式GPTの最新アップデートを公開します🌸,2026,2026-03,2026-03-01,2026-03-31,532,50,26,532,26,101,106,75,2026-05-13
n6a88d2ccde14,Pollo AIを使ってみた正直レビュー｜動画初心者でも美麗動画が作れた話,2026,2026-03,2026-03-01,2026-03-31,532,76,24,532,24,101,43,82,2026-05-13
n442c8caef6ca,今日は“ゆるっと”インプットDAY。9週連続コングラありがとう…！🥹💗,2026,2026-03,2026-03-01,2026-03-31,530,46,18,530,18,103,121,111,2026-05-13
ne872184f86a9,💖【感謝の気持ちを込めて】出会えてよかったクリエイターさんたち🌸その１,2026,2026-03,2026-03-01,2026-03-31,527,50,22,527,22,104,106,91,2026-05-13
nf142c55eb771,予定通り動けなくてもOK｜インプットデーに切り替えた、ゆる充実な1日,2026,2026-03,2026-03-01,2026-03-31,520,54,18,520,18,105,82,111,2026-05-13
n2a27f75a89bb,【うつ病】半年前からすでに病んでた私のサイン|ブラック企業,2026,2026-03,2026-03-01,2026-03-31,516,64,19,516,19,106,64,107,2026-05-13
nb6e58e9255db,今日はHPゼロでした🤣 ゆるっと休むクリエイターの日記,2026,2026-03,2026-03-01,2026-03-31,515,57,18,515,18,107,76,111,2026-05-13
n3a546dfe4600,【お知らせ】ねんころ式 タイトル＆タグ錬成GPT (3月)のリンク発行しました,2026,2026-03,2026-03-01,2026-03-31,513,34,6,513,6,108,155,145,2026-05-13
n069ef43ae21f,2025年のねんころ振り返り｜休職と退職、そしてChatGPTと暮らしの再設計 🤖🐶,2026,2026-03,2026-03-01,2026-03-31,511,86,25,511,25,109,33,80,2026-05-13
nce1b9f704fd5,【予告】ロジ勘ARCANAが大型アップデート！挿絵追加と深掘り解説で“自己理解の精度”が向上します,2026,2026-03,2026-03-01,2026-03-31,509,48,10,509,10,110,111,129,2026-05-13
nffe5373f5d59,【うつでも資格取得】マンガ→AIパスポート約300問解いて正答率80％超え！勉強ログ公開,2026,2026-03,2026-03-01,2026-03-31,509,58,10,509,10,110,75,129,2026-05-13
n5089ec4e0ff1,note3ヶ月の成長ログ｜AI×創作×毎日投稿で積み上がった数字と変化をまとめてみた／AI創作／Midjourney／GPTs／毎日投稿／note振り返り／成長ログ,2026,2026-03,2026-03-01,2026-03-31,504,52,31,504,31,112,95,55,2026-05-13
n3edbcf331486,　【初心者向け】ウエル活とは？毎月20日に33％オフで買い物する方法をやさしく解説,2026,2026-03,2026-03-01,2026-03-31,502,49,22,502,22,113,108,91,2026-05-13
n2cc2630d0ca4,【仮報告】現時点で10週連続コングラ＆7冠でした🤭✨,2026,2026-03,2026-03-01,2026-03-31,500,46,0,500,0,114,121,173,2026-05-13
n62558890fc55,【心理学】「自分を綺麗にする」は最強の自己投資だった話　自己肯定感・美容・幸福度・メンタルケア・快楽適応,2026,2026-03,2026-03-01,2026-03-31,498,52,26,498,26,115,95,75,2026-05-13
n7cc57eacfc42,🌳ギバーの森で見つけた、「うつでもできた日」の小さな奇跡🌸,2026,2026-03,2026-03-01,2026-03-31,489,69,46,489,46,116,53,23,2026-05-13
n23b4d8da6547,【障害者雇用×就労移行】MOS資格は必須？私が資格なしで就職できた理由,2026,2026-03,2026-03-01,2026-03-31,486,46,9,486,9,117,121,136,2026-05-13
nf7e036467571,🌸今日はロジ勘漬け！頭フル回転の半日でした🤣,2026,2026-03,2026-03-01,2026-03-31,480,46,33,480,33,118,121,47,2026-05-13
nb8bd95919b40,【ねんころ式｜AI相棒化マスター講座】✨【第2話】AIはどう「育つ」の？再現率が人によって変わる「本当の理由」／生成AI／ChatGPT／プロンプト設計／AI活用／初心者向け,2026,2026-03,2026-03-01,2026-03-31,479,52,26,479,26,119,95,75,2026-05-13
n929dfb334fd7,メンバーシップ15人突破＆14週連続コングラ｜仕組みがちゃんと機能している話,2026,2026-03,2026-03-01,2026-03-31,478,76,24,478,24,120,43,82,2026-05-13
nc72a62cf94cc,タイトル＆タグ錬成GPTs無料公開終了のお知らせ｜12/31 22時クローズ予定,2026,2026-03,2026-03-01,2026-03-31,478,53,22,478,22,120,87,91,2026-05-13
n274407008c47,🌸今日のゆる日記：Wi-Fiが息絶えたので、優雅に早退した話🤣,2026,2026-03,2026-03-01,2026-03-31,477,43,18,477,18,122,134,111,2026-05-13
n29de4f9ed1e7,今日はゆるく、おやすみ投稿です,2026,2026-03,2026-03-01,2026-03-31,477,46,16,477,16,122,121,124,2026-05-13
nba2dfae0c0c5,🌸今日もコングラありがとう！５週連続に感謝🌸,2026,2026-03,2026-03-01,2026-03-31,476,45,40,476,40,124,126,32,2026-05-13
nc2703c7bbc74,私はなぜ、AIに“背景から説明する癖”がついているのか 🤖🧠,2026,2026-03,2026-03-01,2026-03-31,475,53,18,475,18,125,87,111,2026-05-13
n57f8445f7be0,noteを100日以上毎日投稿して気づいた、続けるためのシンプルな考え方,2026,2026-03,2026-03-01,2026-03-31,474,68,27,474,27,126,55,72,2026-05-13
nb29b2964f2e5,【漫画描いてないのに#漫画1位⁉️】コングラボードの裏話🤣,2026,2026-03,2026-03-01,2026-03-31,460,56,17,460,17,127,80,118,2026-05-13
nc2ecc034c5e3,🎉コングラ５つ目！？ねんころ、まさかの快進撃週間🤣🌸,2026,2026-03,2026-03-01,2026-03-31,457,41,37,457,37,128,140,39,2026-05-13
n4c9265f60bc3,【障害年金の申請体験談｜社労士に丸投げして2級取れた流れ】,2026,2026-03,2026-03-01,2026-03-31,455,39,0,455,0,129,148,173,2026-05-13
n526bb02f1154,【障害者雇用】合理的配慮＝魔法のカードじゃない話😇,2026,2026-03,2026-03-01,2026-03-31,452,40,4,452,4,130,144,152,2026-05-13
n0810d70083d4,🌙今日は更新おやすみです💤（でも裏では制作地獄中🤣）,2026,2026-03,2026-03-01,2026-03-31,450,44,30,450,30,131,130,59,2026-05-13
n0ddc6bef7e33,🌙今日のねんころラボ：制作＆勉強の日🎨📘,2026,2026-03,2026-03-01,2026-03-31,444,38,39,444,39,132,150,34,2026-05-13
n3589850b63bd,💜AIくんがDBのトランクス愛を語ったら、想像以上に同志だった件🔥,2026,2026-03,2026-03-01,2026-03-31,438,47,28,438,28,133,117,68,2026-05-13
n1c31935fa215,【㊗️6週連続】コングラボードありがとう…！AIと走り続けた1ヶ月半、みんなのおかげで「奇跡じゃなく必然」になった話🌸,2026,2026-03,2026-03-01,2026-03-31,436,48,38,436,38,134,111,37,2026-05-13
nba905015e124,コングラ11週連続4冠でした🌸あとクリスマスイブですね〜,2026,2026-03,2026-03-01,2026-03-31,432,49,30,432,30,135,108,59,2026-05-13
nc81d8bd9db86,コングラ報告を忘れてました🤣 それでも今週も取れていた話,2026,2026-03,2026-03-01,2026-03-31,431,74,19,431,19,136,47,107,2026-05-13
nffab8882b924,うつでも挑戦！私の資格ロードマップ,2026,2026-03,2026-03-01,2026-03-31,430,68,8,430,8,137,55,138,2026-05-13
n53cfcf1b70e0,【感謝】100フォロワー達成しました！🎉,2026,2026-03,2026-03-01,2026-03-31,421,39,20,421,20,138,148,101,2026-05-13
n85a33de5ce95,ハロウィン仮装コンテスト🎃参加してみた！,2026,2026-03,2026-03-01,2026-03-31,420,54,20,420,20,139,82,101,2026-05-13
n7aafed9c4d00,【Pollo AI】でバレンタイン向け短尺CMを作ってみた〜個人・小さなお店でも【現実的にできるか】を検証〜,2026,2026-03,2026-03-01,2026-03-31,417,66,18,417,18,140,61,111,2026-05-13
n8ce8eccd1d69,【告白】今日はネタがありません。助けてください🤣,2026,2026-03,2026-03-01,2026-03-31,416,41,20,416,20,141,140,101,2026-05-13
n66e93109c67d,Logical Analyst（ロジカルアナリスト）,2026,2026-03,2026-03-01,2026-03-31,415,5,0,415,0,142,191,173,2026-05-13
n313d249dc26c,特例子会社で“違和感”を感じた私が、自分らしさを取り戻した話,2026,2026-03,2026-03-01,2026-03-31,411,29,4,411,4,143,162,152,2026-05-13
n6374df8ec31d,更新をおやすみした日と、「取れました！」の報告に救われた話☺️,2026,2026-03,2026-03-01,2026-03-31,410,44,20,410,20,144,130,101,2026-05-13
ne56592f0cab3,🧙‍♀️ロジ勘アルカナ制作秘話【AI×デザインの試行錯誤の記録】,2026,2026-03,2026-03-01,2026-03-31,409,32,23,409,23,145,157,90,2026-05-13
n2fc24298cb93,12週連続コングラ＆今週は4冠！ズボラでも続いたnote運用の話,2026,2026-03,2026-03-01,2026-03-31,402,69,22,402,22,146,53,91,2026-05-13
n797764eddf4c,Logical Crafter（ロジカルクラフト）,2026,2026-03,2026-03-01,2026-03-31,396,9,4,396,4,147,184,152,2026-05-13
ncdda379bfa4a,【生成AIパスポート勉強ログ】図解で理解するChatGPTの進化まとめ,2026,2026-03,2026-03-01,2026-03-31,392,53,6,392,6,148,87,145,2026-05-13
nd73315f75efe,【事故らない】【初心者向け】noteサムネをタイトル投げるだけで量産する方法― Gemini gem × Nano-bananaで「同じ顔のまま」世界観を変える ―,2026,2026-03,2026-03-01,2026-03-31,384,23,8,384,8,149,169,138,2026-05-13
n0d208d0e7c7f,Logical Realist（ロジカルリアリスト）,2026,2026-03,2026-03-01,2026-03-31,376,4,0,376,0,150,193,173,2026-05-13
n2f44bb184eb8,カウンセリングが必要な人・必要ない人,2026,2026-03,2026-03-01,2026-03-31,372,53,4,372,4,151,87,152,2026-05-13
n8e5692f3a610,うつで布団から出られなかった私が、犬を迎えて社会復帰した話【後編】,2026,2026-03,2026-03-01,2026-03-31,369,68,8,369,8,152,55,138,2026-05-13
nd9dbf348f292,今日は作る日にしました。noteをお休みした、静かで楽しい一日,2026,2026-03,2026-03-01,2026-03-31,357,57,5,357,5,153,76,148,2026-05-13
n3cded883d648,タグ＆タイトル錬成GPTs Ver3.5アップデート｜一言アドバイス機能を追加しました,2026,2026-03,2026-03-01,2026-03-31,355,54,10,355,10,154,82,129,2026-05-13
n0bff6720ebad,はじめまして｜うつ×制度活用×美魔女リスタート,2026,2026-03,2026-03-01,2026-03-31,350,44,2,350,2,155,130,164,2026-05-13
ne5b75d5fb970,ChatGPTを相棒にしたら、人生がひらけた話,2026,2026-03,2026-03-01,2026-03-31,350,49,10,350,10,155,108,129,2026-05-13
n980a8bdb8820,【障害者雇用】配慮されやすい人の“やる気の見せ方”,2026,2026-03,2026-03-01,2026-03-31,349,36,5,349,5,157,153,148,2026-05-13
nc19c3aac78b0,【就労移行支援所の選び方】スキル爆上がり型とマイペース型、通ってみて分かったリアル体験談,2026,2026-03,2026-03-01,2026-03-31,341,32,2,341,2,158,157,164,2026-05-13
n8c80f6198e20,【うつでも資格取得】AIパスポートは面白すぎて即読破した話（図解付き）,2026,2026-03,2026-03-01,2026-03-31,324,51,2,324,2,159,100,164,2026-05-13
n58123d1e9ec3,レベル1で999ブラック企業ダンジョンに放り込まれたら？ ― 環境型うつの話,2026,2026-03,2026-03-01,2026-03-31,322,37,0,322,0,160,152,173,2026-05-13
nc5edab753ae5,🔥 Emotional Driver（ロジ勘感情ドリブン）,2026,2026-03,2026-03-01,2026-03-31,317,11,10,317,10,161,181,129,2026-05-13
n4d937adb5c64,【うつ病リアル】認知の歪みがなくても、うつになるし、薬9種類ないと生きられない人間もいる😇,2026,2026-03,2026-03-01,2026-03-31,301,48,8,301,8,162,111,138,2026-05-13
n4c27b81f0c30,Intuitive Creator（直感クリエイティブ）,2026,2026-03,2026-03-01,2026-03-31,283,4,0,283,0,163,193,173,2026-05-13
n4fcd6496fc9a,⚖️ Hybrid Equilibrium（ロジ勘ハイブリッド）,2026,2026-03,2026-03-01,2026-03-31,283,8,8,283,8,163,185,138,2026-05-13
n6f565d9dc049,【改訂版】うつ病から立ち直る一歩に。障害者手帳を申請した私の体験談,2026,2026-03,2026-03-01,2026-03-31,282,45,4,282,4,165,126,152,2026-05-13
nea1c55b7c483,【障害年金の活用体験談】障害年金は“利用”するのではなく、“活用”するものだと思う理由,2026,2026-03,2026-03-01,2026-03-31,281,25,0,281,0,166,165,173,2026-05-13
n0c480bad63b5,【閑話休題】流白浪燦星（ルパン三世）の歌舞伎を観た話,2026,2026-03,2026-03-01,2026-03-31,280,26,8,280,8,167,163,138,2026-05-13
na37423ed4e1a,医者にカウンセラー求めすぎ問題😇,2026,2026-03,2026-03-01,2026-03-31,270,36,10,270,10,168,153,129,2026-05-13
nf7366e28f287,【特例子会社リアル】“空気を読む努力”で信頼を得たASDの同僚,2026,2026-03,2026-03-01,2026-03-31,268,31,4,268,4,169,160,152,2026-05-13
n3998b9518dd0,【ブラック企業リアル】マニュアルなしヘルプデスクで生き残ったスキル😇,2026,2026-03,2026-03-01,2026-03-31,253,40,4,253,4,170,144,152,2026-05-13
n194329c6ccae,【伝え方】アサーションがうまくいかないときのNGパターン😇,2026,2026-03,2026-03-01,2026-03-31,250,40,11,250,11,171,144,128,2026-05-13
nad718b091a1e,怒られ回避で身につけたアサーティブ😇,2026,2026-03,2026-03-01,2026-03-31,248,26,0,248,0,172,163,173,2026-05-13
n1e98d8b8b653,⚔️ Intuitive Fighter（直感ファイター）,2026,2026-03,2026-03-01,2026-03-31,243,5,0,243,0,173,191,173,2026-05-13
n6ce2ee3ee396,【伝え方】アサーションできてますか？人間関係を楽にする“伝え方”チェックリスト,2026,2026-03,2026-03-01,2026-03-31,226,32,4,226,4,174,157,152,2026-05-13
n4dfc808c560e,スキンケアさぼり魔が「20代に見られた」方法ほぼ全部,2026,2026-03,2026-03-01,2026-03-31,225,14,0,225,0,175,176,173,2026-05-13
ncafda100ad5c,自己紹介|うつ|アラフォー|転職|美魔女|審神者|はじめてのnote,2026,2026-03,2026-03-01,2026-03-31,223,24,2,223,2,176,166,164,2026-05-13
nd77ca1673620,【私がnoteを書く理由】うつ体験を“誰かの選択肢”に変えたいから。,2026,2026-03,2026-03-01,2026-03-31,223,43,4,223,4,176,134,152,2026-05-13
nf85422914ece,【伝え方】アサーション応用編。Iメッセ×DESC×数字で解決！,2026,2026-03,2026-03-01,2026-03-31,220,24,4,220,4,178,166,152,2026-05-13
nb9660643db9c,専門用語禁止！“わかりやすく伝える”だけで人間関係がラクになる話（オチつき）,2026,2026-03,2026-03-01,2026-03-31,219,24,9,219,9,179,166,136,2026-05-13
n636d0d9a5ba5,傷病手当金を実際に受給してわかった流れと落とし穴,2026,2026-03,2026-03-01,2026-03-31,218,18,0,218,0,180,171,173,2026-05-13
n86407f316419,特例子会社でプログラミングしかできない先輩と組んだら地獄を見た話,2026,2026-03,2026-03-01,2026-03-31,215,13,0,215,0,181,179,173,2026-05-13
n575675fff52a,うつで退職した私が活用した制度と再スタートまでの道のり,2026,2026-03,2026-03-01,2026-03-31,197,10,1,197,1,182,182,172,2026-05-13
ncea204c48460,【実録】ASDぽい兄と暮らして学んだ「相性の壁」と自立への決意,2026,2026-03,2026-03-01,2026-03-31,186,15,0,186,0,183,175,173,2026-05-13
nf4d6b609faba,うつで布団から出られなかった私が、犬を迎えて社会復帰した話【前編】,2026,2026-03,2026-03-01,2026-03-31,184,16,2,184,2,184,174,164,2026-05-13
na635c37f6d88,“イエベ秋”にされかけた私のカラージャーニー記録,2026,2026-03,2026-03-01,2026-03-31,175,3,2,175,2,185,196,164,2026-05-13
n411e1e9de9d1,失恋→躁スイッチONで暴走した私の課金遍歴😇～占い・婚活・セミナー・相談所…ぜんぶ金ドブでした～,2026,2026-03,2026-03-01,2026-03-31,169,8,0,169,0,186,185,173,2026-05-13
n7e83bf6d71e7,行動型でもうつになる｜“出来ない”と言えなかったブラックIT企業の現実,2026,2026-03,2026-03-01,2026-03-31,169,21,5,169,5,186,170,148,2026-05-13
n91dd60cec4a9,私なんかが取れるわけない…と思ったら、あっさり取れて人生の選択肢が増えた障害者手帳,2026,2026-03,2026-03-01,2026-03-31,152,7,0,152,0,188,187,173,2026-05-13
n07aa10c76fda,【ロジ勘】ソシャゲのガチ勢はロジカル勘の権化説,2026,2026-03,2026-03-01,2026-03-31,140,12,0,140,0,189,180,173,2026-05-13
na466477b4792,うつで布団から出られなかった私が、犬を迎えて社会復帰した話【中編】〜止まっていた時間が、また動き出した日〜,2026,2026-03,2026-03-01,2026-03-31,132,14,0,132,0,190,176,173,2026-05-13
n67c68653a2a2,ロジカル勘で突破！就職氷河期の私が“年収100万アップ”企業に入社してうつになった話,2026,2026-03,2026-03-01,2026-03-31,131,17,0,131,0,191,173,173,2026-05-13
nc5ab70b7de43,「ズボラでも肌キレイって言われる理由は…メイクでした🤣」〜崩れないベースメイク”完全ガイド💄〜,2026,2026-03,2026-03-01,2026-03-31,127,6,0,127,0,192,188,173,2026-05-13
nc3a8656a5f74,自立支援医療制度を知らなくてめっちゃ損した話,2026,2026-03,2026-03-01,2026-03-31,104,6,0,104,0,193,188,173,2026-05-13
nf24a96e3028f,20歳で二重整形に投資したら、自己肯定感も自由時間も爆上がりした話,2026,2026-03,2026-03-01,2026-03-31,102,6,0,102,0,194,188,173,2026-05-13
n256cee2080cf,【経験談】うつ病と診断されてから、障害者手帳を取るまでの“心の変化”全部見せます😇,2026,2026-03,2026-03-01,2026-03-31,96,10,0,96,0,195,182,173,2026-05-13
n50eda0f2268c,【ロジ勘】ChatGPTに指摘されて気づいた──私、実は“ロジ勘体質”でした,2026,2026-03,2026-03-01,2026-03-31,91,4,0,91,0,196,193,173,2026-05-13
nd844a19faa62,「面白そう」で触ったAIが、気づけば仕事になっていた｜AI活用が仕事道具になった話|生AI|ChatGPT|Gemini|claude|Midjourney|Suno|,2026,2026-04,2026-04-01,2026-04-30,1565,396,33,1565,33,1,1,6,2026-05-13
n1283b668a467,フリーランスで普通に毎日仕事してると気づいた話｜在宅で働く目標が現実になっていた|在宅ワーク|仕事|キャリア|エッセイ|人生|経験|日常|,2026,2026-04,2026-04-01,2026-04-30,1372,325,33,1372,33,2,2,6,2026-05-13
n44d9869e8258,未経験で在宅ワークしたい人へ。いきなり独立より先に考えたいこと,2026,2026-04,2026-04-01,2026-04-30,1066,134,41,1066,41,3,4,1,2026-05-13
n91660107c4c9,AI漫画の文字崩れ修正に。静止画へ吹き出し追加できる「漫画セリフ修正 Lite」を作りました！| ChatGPT Images 2.0|nanobanana|AI活用|生成AI|ChatGPT|画像生成AI|,2026,2026-04,2026-04-01,2026-04-30,1040,58,12,1040,12,4,18,16,2026-05-13
n0aa1e868c1f0,【LitMedia】Seedance 2.0もAI音楽も触れる。LitVideoを使って感じたことまとめ【PR】|AIツール|AI活用|生成AI|動画生成AI|AI画像生成|AI音楽生成|,2026,2026-04,2026-04-01,2026-04-30,872,113,24,872,24,5,6,11,2026-05-13
n8443ed5a5b70,AIに「踏み絵」させてみたら、思ったより会議が始まった話｜ChatGPTは踏めるけど踏まないのか,2026,2026-04,2026-04-01,2026-04-30,870,74,36,870,36,6,15,5,2026-05-13
n39fdf1b81c3a,UPDF使ってみた｜PDF編集・OCR・Excel変換・AIブックマークを元ガチ事務職実務目線レビュー|AI活用|生成AI|PR|,2026,2026-04,2026-04-01,2026-04-30,859,76,13,859,13,7,14,15,2026-05-13
n33aa50b2fb4c,Pollo AIで犬のAI動画を作る方法｜初心者向け3ステップ解説|AI活用|生成AI|動画生成AI|AIツール|PR,2026,2026-04,2026-04-01,2026-04-30,851,117,18,851,18,8,5,14,2026-05-13
ndcdba8beac06,ChatGPTに救われた二人が、noteで出会った話|エッセイ|気づき|感謝|つながり|,2026,2026-04,2026-04-01,2026-04-30,846,102,28,846,28,9,8,9,2026-05-13
n3e4aae1d6459,Immersive Translateレビュー｜Canva英語版・YouTube字幕・英語メルマガで実感した便利な使い方まとめ|AI活用|やってみた|最近の学び|PR|,2026,2026-04,2026-04-01,2026-04-30,836,142,37,836,37,10,3,4,2026-05-13
nf0ab2f197fb7,LitMediaでSeedance2.0とKling3.0を比較検証｜ムーンウォーク再現はどっちが強い？|AIツール|AI活用|生成AI|動画生成AI|AI画像生成|AI音楽生成|,2026,2026-04,2026-04-01,2026-04-30,831,66,22,831,22,11,17,12,2026-05-13
n2946a9234c45,Pollo AIでGPT Image 2とSeedance 2.0を使って、架空の高級香水ブランド広告ビジュアルを作ってみた|生成AI|ChatGPT|画像生成AI|PR|,2026,2026-04,2026-04-01,2026-04-30,791,86,26,791,26,12,11,10,2026-05-13
n87c12c0b2e93,【AI活用×創作】ChatGPTのヨシダのファンアートから始まり、マイChatGPT擬人化＆MV制作で課金した話|エッセイ|気づき|やってみた|,2026,2026-04,2026-04-01,2026-04-30,771,108,30,771,30,13,7,8,2026-05-13
n6b1f19298c3c,AIでMVを作りました｜青く響いたらええ| 音楽創作企画参加作品|Suno|Seedance2.0|ChatGPT Images 2.0|AI活用|,2026,2026-04,2026-04-01,2026-04-30,756,100,40,756,40,14,9,2,2026-05-13
n055d268c466d,ChatGPTを擬人化して漫画化したら相棒キャラ「そらちゃん」が爆誕した話|創作|エッセイ|AI活用|生成AI|,2026,2026-04,2026-04-01,2026-04-30,755,79,40,755,40,15,13,2,2026-05-13
n1c6b0122b778,【Pollo Agent 1.4】日本語音声もテロップも上手くいかない！！対処法と賢い使い方✨|AI活用|生成AI|気づき|振り返り,2026,2026-04,2026-04-01,2026-04-30,683,83,22,683,22,16,12,12,2026-05-13
n9c6ff5608995,広告動画まで手が回らない人へ。Pollo Agent 1.4を試したら想像以上にラクだった|生成AI|動画生成AI|やってみた|PR|,2026,2026-04,2026-04-01,2026-04-30,675,97,11,675,11,17,10,17,2026-05-13
ndf02a8a84e1a,【話し相手はChatGPTだけだった｜独学でAI資格2つ合格するまで】| AI学習 | G検定 | 生成AIパスポート | AI活用 | エッセイ |休職 |退職,2026,2026-04,2026-04-01,2026-04-30,470,68,6,4396,84,18,16,18,2026-05-13
n052eb41b4667,【G検定をテキスト読まずに合格した話｜生成AIパスポート→600問一周で回した仕組み学習法】 AI資格 | 独学 | 勉強法 | ChatGPT | 仕組み化 | 構造理解 | Udemy | 資格対策 | AI学習 | 図解 | note |,2026,2026-04,2026-04-01,2026-04-30,211,18,3,1802,27,19,20,19,2026-05-13
nc89cb7d9122d,AIクリエイターフリーランスの変化｜仕事が増え始めた理由と積み重ねの話|最近の学び|生成AI|ChatGPT|AI活用,2026,2026-04,2026-04-01,2026-04-30,142,28,0,1230,46,20,19,28,2026-05-13
n76c0098e72a9,【実録】休んでも心配される人とされない人の違い,2026,2026-04,2026-04-01,2026-04-30,126,1,0,830,0,21,42,28,2026-05-13
ne4e8f07a1cf6,note半年で10万ビュー・1万スキ｜ChatGPTがきっかけで人生が動いた話|AI活用|生成AI|エッセイ|感謝|つながり|,2026,2026-04,2026-04-01,2026-04-30,124,15,2,2948,58,22,21,20,2026-05-13
ne28ad0efebc2,ChatGPTを入れた日から人生が変わった【実話】｜noteで仲間ができて3ヶ月でフリーランスになった話|日記|エッセイ|つながり|人生|生成AI,2026,2026-04,2026-04-01,2026-04-30,105,13,1,3337,73,23,22,25,2026-05-13
n4659dd18c880,G検定に合格しました｜ズボラでも仕組みで回した正直すぎる勉強法とAI活用| 資格勉強 | 生成AI | ChatGPT | NotebookLM | Python | ズボラ | 学習記録|Gemini,2026,2026-04,2026-04-01,2026-04-30,100,7,0,3413,61,24,24,28,2026-05-13
n270fce89eaa9,AIスクールはいらない？月1万円のAI課金で独学→資格→仕事につながった話|AI活用|生成AI|ChatGPT|副業|note運用|学び|,2026,2026-04,2026-04-01,2026-04-30,93,6,2,1079,53,25,28,20,2026-05-13
nc52e8d74dba8,【note記事も自動漫画化】Gem設定だけで漫画が描ける方法｜Gemini×Nano-bananaProで事故らない5ジャンル対応プロンプト集| 生成AI | AI活用 | 創作 | マンガ | 図解 | ,2026,2026-04,2026-04-01,2026-04-30,90,0,0,1260,20,26,75,28,2026-05-13
n601dcfb686c3,【制作日記】オレオのLINEスタンプ作り始めたら沼すぎた🤣💗AI×手作業のベストハイブリッドが完成した話,2026,2026-04,2026-04-01,2026-04-30,85,7,0,813,22,27,24,28,2026-05-13
nde076f1f07dc,Readdy AIでWEBサイトを5分で作ってみた｜AIに文章を書くだけでポートフォリオサイト完成|生成AI|AIツール|フリーランス|AIサイト作成ツール,2026,2026-04,2026-04-01,2026-04-30,82,5,0,1205,32,28,31,28,2026-05-13
ncff696069bc1,人間よりChatGPTと話してるフリーランスの1日｜寝る時間以外AI活用してる生活|日常|エッセイ|,2026,2026-04,2026-04-01,2026-04-30,66,8,0,1584,61,29,23,28,2026-05-13
nf083751777c0,【LINEスタンプ】工場化して量産した話。4日で7セット、Nano-bananaPro    とCanva透過革命、Gemini canvas自作ツール作成|AI活用|生成AI|ChatGPT|,2026,2026-04,2026-04-01,2026-04-30,55,4,0,932,39,30,32,28,2026-05-13
nd16ed7639f7f,AIと会話するだけで動画が完成？Pollo Agentを触ってみた|AI活用|生成AI|動画生成AI|NanoBanana2|PR|,2026,2026-04,2026-04-01,2026-04-30,45,7,0,1047,32,31,24,28,2026-05-13
n71c59c47f5a1,Pollo AIでここまで作れる？騎士キャラを本気で動画化してみた⚔️【シリーズ第1弾】|AI活用|生成AI|画像生成AI|動画生成AI|PR|,2026,2026-04,2026-04-01,2026-04-30,44,6,0,906,35,32,28,28,2026-05-13
nb19ea885762f,タイトル＆タグ錬成GPTのアンケート結果｜75％が実感。コングラが取りやすくなった理由|AI活用|ChatGPT|生成AI|note運用|,2026,2026-04,2026-04-01,2026-04-30,38,6,0,833,17,33,28,28,2026-05-13
nbcf7ed710ffa,【自己紹介】ズボラ×AIで在宅フリーランスを目指す私がnoteを書く理由｜生成AIとnote収益化と時短の話｜はじめてのnote｜note初心者｜自己紹介,2026,2026-04,2026-04-01,2026-04-30,33,2,0,877,34,34,35,28,2026-05-13
n4490d3b895f1,Pollo Agentとは？ペット動画を作ってみた｜パピヨンが別犬になった原因と解決法|AI活用|生成AI|動画生成AI|Pollo AI|PR|,2026,2026-04,2026-04-01,2026-04-30,32,7,2,985,33,35,24,20,2026-05-13
nd43f38fdef05,資格勉強が一気に捗る？NotebookLM×資格本の自炊という選択,2026,2026-04,2026-04-01,2026-04-30,26,0,0,1104,27,36,75,28,2026-05-13
ndcf1b6381cc9,【Notion初心者が2日目で挫折しないためにやったこと～ズボラ美容日記×生成AIの実験記録と項目整理のコツ】 | 初心者 | ChatGPT | AI活用 | 美容日記 | 記録 | 習慣化 |,2026,2026-04,2026-04-01,2026-04-30,26,0,0,1079,17,36,75,28,2026-05-13
ne0434f0ffc21,【無料公開】プロンプトで止まる人へ。Gemini対応「AI Prompt Director Lite」配布します| 生成AI | 画像生成AI | 動画生成AI | プロンプト | 無料ツール | AIツール | 初心者向け | ChatGPT | Nano-Banana,2026,2026-04,2026-04-01,2026-04-30,25,1,0,1270,27,38,42,28,2026-05-13
nb3845b3ca853,【うつと付き合いながら在宅フリーランスしてる話｜体調に波がある私の働き方と収益設計】| 働き方 | 在宅ワーク| HSP | note | 収益化 | ストック型 | 生活設計 | 生き方 | エッセイ | 最近の学び | 試行錯誤 | 副業 | 日常,2026,2026-04,2026-04-01,2026-04-30,24,4,0,918,34,39,32,28,2026-05-13
n23b4d8da6547,【障害者雇用×就労移行】MOS資格は必須？私が資格なしで就職できた理由,2026,2026-04,2026-04-01,2026-04-30,23,0,0,509,9,40,75,28,2026-05-13
ne3ce8e7aac47,【ねんころ式】タイトルとタグで迷わない。 タイトル＆タグ錬成GPT【ver4.1】公開|note運用|note収益化|AI活用|生成AI|ChatGPT|時短|副業支援|,2026,2026-04,2026-04-01,2026-04-30,22,3,0,771,12,41,34,28,2026-05-13
n665d118867c2,12時間→2時間に短縮。RPG動画制作の改善ログ|Pollo AI|動画生成|Midjourney|動画編集|創作記録|,2026,2026-04,2026-04-01,2026-04-30,20,2,0,924,32,42,35,28,2026-05-13
ncb2492fa2f97,難解すぎるKITAcore理論を、ズボラな一般人が実装してみた結果　| note運用 | note分析 | Python | GoogleColab | スプレッドシート | ChatGPT | Gemini | 生成AI | データ分析 | PV | スキ | コメント | 有料記事 | やってみた | 最近の学び,2026,2026-04,2026-04-01,2026-04-30,20,2,0,766,25,42,35,28,2026-05-13
ndb6b594c09ab,【note運用×GPTs活用】PCで書いたnote記事を投げるだけ！スマホ向けに改行・行間を整える専用GPTsを作りました| note運用 | note収益化 | AI活用 | 生成AI | ChatGPT | Gemini | 最近の学び | 試行錯誤 | やってみた | 日記 | エッセイ | 創作 | 気づき,2026,2026-04,2026-04-01,2026-04-30,20,1,0,587,4,42,42,28,2026-05-13
n52def9a7cf11,【体験談】特例子会社に転籍したら“努力が無意味”になった話｜障害者雇用のリアル,2026,2026-04,2026-04-01,2026-04-30,18,1,0,697,6,45,42,28,2026-05-13
nf17f9344b099,【MBTI・心理学・Midjourney×自作診断】当たりすぎて話題のロジ勘ARCANA｜直感×論理で7タイプを可視化する心理モデル【ねんころラボ無料版】,2026,2026-04,2026-04-01,2026-04-30,18,0,0,1087,46,45,75,28,2026-05-13
nb89ad27feca1,【お願い🙏】ツール利用者アンケートご協力ください✨（1分で終わります）,2026,2026-04,2026-04-01,2026-04-30,17,1,0,714,2,47,42,28,2026-05-13
nc695794d0923,🌸【無料配布】【ver2.1】ねんころ式タイトル＆タグ錬成GPT｜強いお題タグ × 人気通常タグ × SEOタイトルまで全部できる「note運用特化AI」,2026,2026-04,2026-04-01,2026-04-30,17,1,0,1204,45,47,42,28,2026-05-13
nac6325926be4,【10分メイク】プチプラ×デパコスで垢抜ける！ズボラさん向けリアル時短メイク術🌸,2026,2026-04,2026-04-01,2026-04-30,15,0,0,726,36,49,75,28,2026-05-13
nffe5373f5d59,【うつでも資格取得】マンガ→AIパスポート約300問解いて正答率80％超え！勉強ログ公開,2026,2026-04,2026-04-01,2026-04-30,15,0,0,524,10,49,75,28,2026-05-13
n5b2040ef3201,【プロンプト全文付き】個人作家でも作れる15秒CM制作フロー完全公開｜生成AI・Pollo AI・Kling 3.0・Vidu Q3 Pro活用術【PR】,2026,2026-04,2026-04-01,2026-04-30,13,0,0,852,22,51,75,28,2026-05-13
n575675fff52a,うつで退職した私が活用した制度と再スタートまでの道のり,2026,2026-04,2026-04-01,2026-04-30,12,0,0,209,1,52,75,28,2026-05-13
nf33fd1b0c577,キャラブレしない！生成AI漫画・図解制作が一気に楽になる「キャラクター参照用プロンプト」の作り方と使い回し術,2026,2026-04,2026-04-01,2026-04-30,12,0,0,717,7,52,75,28,2026-05-13
n3998b9518dd0,【ブラック企業リアル】マニュアルなしヘルプデスクで生き残ったスキル😇,2026,2026-04,2026-04-01,2026-04-30,11,1,2,264,6,54,42,20,2026-05-13
n256cee2080cf,【経験談】うつ病と診断されてから、障害者手帳を取るまでの“心の変化”全部見せます😇,2026,2026-04,2026-04-01,2026-04-30,10,1,0,106,0,55,42,28,2026-05-13
n2fb20525b499,AI動画の進化がすごい。愛犬オレオで3分で動画作って未来を感じた話|AI活用|生成AI|動画生成AI|,2026,2026-04,2026-04-01,2026-04-30,10,0,0,815,31,55,75,28,2026-05-13
n4dfc808c560e,スキンケアさぼり魔が「20代に見られた」方法ほぼ全部,2026,2026-04,2026-04-01,2026-04-30,10,1,0,235,0,55,42,28,2026-05-13
n79402fe6f0ab,画像・動画生成したいけどプロンプトで止まる人へ。ねんころ式・解決ツールできました| 生成AI | Gemini | ChatGPT | 画像生成AI | 動画生成AI | プロンプト | AIツール | メンバーシップ | β版公開 | Gemini Canvas| Midjourney,2026,2026-04,2026-04-01,2026-04-30,10,1,0,578,14,55,42,28,2026-05-13
n86407f316419,特例子会社でプログラミングしかできない先輩と組んだら地獄を見た話,2026,2026-04,2026-04-01,2026-04-30,10,0,0,225,0,55,75,28,2026-05-13
nb0aa1974aa9b,Notion初心者が初日で挫折しない方法｜ズボラ美容日記×生成AI（ChatGPT・NotebookLM）実験記録,2026,2026-04,2026-04-01,2026-04-30,10,0,0,893,24,55,75,28,2026-05-13
n0145dbd9b428,💖200フォロワー達成しました！感謝です🥹✨,2026,2026-04,2026-04-01,2026-04-30,9,2,0,618,48,61,35,28,2026-05-13
n146debb123dd,AIくん、天野喜孝を理解しすぎ問題（ ロジ勘第３弾、ただいま鋭意制作中です🔥）,2026,2026-04,2026-04-01,2026-04-30,9,0,0,555,29,61,75,28,2026-05-13
n1c8ca6af5161,【無料配布】あなたのAI適性をガチ分析プロンプト｜AIが見た「才能タイプ」「扱いやすさ」「伸びしろ」と3ヶ月の成長ロードマップ,2026,2026-04,2026-04-01,2026-04-30,9,1,0,673,39,61,42,28,2026-05-13
n8e5692f3a610,うつで布団から出られなかった私が、犬を迎えて社会復帰した話【後編】,2026,2026-04,2026-04-01,2026-04-30,9,1,1,378,9,61,42,25,2026-05-13
nd5a69e9a3fac,【ねんころ式｜AI相棒化マスター講座】🌸【第1話】AIが得意な人・苦手な人の差は「コレ」だった！／生成AI／ChatGPT／思考整理／プロンプト／AIの育成,2026,2026-04,2026-04-01,2026-04-30,9,0,0,585,32,61,75,28,2026-05-13
nebada4908f02,【コラム】AI歴50年の犬オレオに聞いてみた。AIって結局なんなの？,2026,2026-04,2026-04-01,2026-04-30,9,2,0,972,29,61,35,28,2026-05-13
nf24a96e3028f,20歳で二重整形に投資したら、自己肯定感も自由時間も爆上がりした話,2026,2026-04,2026-04-01,2026-04-30,9,1,1,111,1,61,42,25,2026-05-13
n3f6adf66ce6d,【無料配布】noteのタイトル・お題タグ・通常タグを自動で最適化するGPTを公開｜記事作成の時短と精度アップに💗,2026,2026-04,2026-04-01,2026-04-30,8,0,0,995,56,68,75,28,2026-05-13
n53cfcf1b70e0,【感謝】100フォロワー達成しました！🎉,2026,2026-04,2026-04-01,2026-04-30,8,0,0,429,20,68,75,28,2026-05-13
n7a10857c600a,【note運用】生成AI×ChatGPTでタイトルとタグを自動生成！ねんころ式 タイトル＆タグ錬成GPT【ver4.0】の全機能まとめ | note収益化 | AI活用 | 生成AI | ChatGPT | GPTsつくってみた,2026,2026-04,2026-04-01,2026-04-30,8,1,0,584,24,68,42,28,2026-05-13
n9a0f22aa57f0,【実践】ふなさんプロンプト導入で“ねんころ節”が爆誕した話🤣,2026,2026-04,2026-04-01,2026-04-30,8,1,0,955,47,68,42,28,2026-05-13
nc3a8656a5f74,自立支援医療制度を知らなくてめっちゃ損した話,2026,2026-04,2026-04-01,2026-04-30,8,0,0,112,0,68,75,28,2026-05-13
nd73315f75efe,【事故らない】【初心者向け】noteサムネをタイトル投げるだけで量産する方法― Gemini gem × Nano-bananaで「同じ顔のまま」世界観を変える ―,2026,2026-04,2026-04-01,2026-04-30,8,0,0,392,8,68,75,28,2026-05-13
n5b1692a523f2,noteアルゴリズムと設計思想を、KITAcoreアートで動画化してみた|生成AI|動画生成AI|デザイン|創作|研究ログ,2026,2026-04,2026-04-01,2026-04-30,7,0,0,866,30,74,75,28,2026-05-13
n636d0d9a5ba5,傷病手当金を実際に受給してわかった流れと落とし穴,2026,2026-04,2026-04-01,2026-04-30,7,0,0,225,0,74,75,28,2026-05-13
n67c68653a2a2,ロジカル勘で突破！就職氷河期の私が“年収100万アップ”企業に入社してうつになった話,2026,2026-04,2026-04-01,2026-04-30,7,1,0,138,0,74,42,28,2026-05-13
nf4d6b609faba,うつで布団から出られなかった私が、犬を迎えて社会復帰した話【前編】,2026,2026-04,2026-04-01,2026-04-30,7,0,0,191,2,74,75,28,2026-05-13
n3a546dfe4600,【お知らせ】ねんころ式 タイトル＆タグ錬成GPT (3月)のリンク発行しました,2026,2026-04,2026-04-01,2026-04-30,6,0,0,519,6,78,75,28,2026-05-13
nb4a459f1857a,【告知】note運用・note収益化・AI活用をまとめて加速！生成AI・ChatGPT・Gemini対応「AI×ツール実用マガジン」始めます,2026,2026-04,2026-04-01,2026-04-30,6,0,0,592,10,78,75,28,2026-05-13
nc93dcb68ffe7,【障害年金の申請体験談】社労士に丸投げして2級取れた流れ,2026,2026-04,2026-04-01,2026-04-30,6,0,0,675,2,78,75,28,2026-05-13
n069ef43ae21f,2025年のねんころ振り返り｜休職と退職、そしてChatGPTと暮らしの再設計 🤖🐶,2026,2026-04,2026-04-01,2026-04-30,5,1,0,516,25,81,42,28,2026-05-13
n088e842a993b,💻ふなさんプロンプトがアップデートされた話🌸まっさらなAIで再現性チェックの実験レポ🤣,2026,2026-04,2026-04-01,2026-04-30,5,0,0,669,26,81,75,28,2026-05-13
ncea204c48460,【実録】ASDぽい兄と暮らして学んだ「相性の壁」と自立への決意,2026,2026-04,2026-04-01,2026-04-30,5,2,2,191,2,81,35,20,2026-05-13
n2a27f75a89bb,【うつ病】半年前からすでに病んでた私のサイン|ブラック企業,2026,2026-04,2026-04-01,2026-04-30,4,1,0,520,19,84,42,28,2026-05-13
n2efa0ecb222b,【初心者向け】ウエル活のやり方まとめ②｜WAON POINTとVポイント交換をやさしく解説,2026,2026-04,2026-04-01,2026-04-30,4,0,0,564,20,84,75,28,2026-05-13
n358440a2e2af,【ねんころ式｜AI相棒化マスター講座】第3話｜人格 × 文体 × 役割AIが“育つ”仕組みと、再現率が跳ね上がる使い分け,2026,2026-04,2026-04-01,2026-04-30,4,0,0,627,24,84,75,28,2026-05-13
n436bac43c0bf,Qoo10“再生系王道”はこの2択！リジュラン【ゴールドセット】＆【トナー付きマスク】で翌朝つやん✨,2026,2026-04,2026-04-01,2026-04-30,4,1,0,571,29,84,42,28,2026-05-13
n7ea9d17d2838,修羅場人生→ズボラ最適化。G検定をAIで乗り切った話,2026,2026-04,2026-04-01,2026-04-30,4,0,0,717,24,84,75,28,2026-05-13
n847eee3222e2,💬 スキ活・コメ活は裏切らない！ noteで繋がるコツ🌸,2026,2026-04,2026-04-01,2026-04-30,4,0,0,652,46,84,75,28,2026-05-13
nb8bd95919b40,【ねんころ式｜AI相棒化マスター講座】✨【第2話】AIはどう「育つ」の？再現率が人によって変わる「本当の理由」／生成AI／ChatGPT／プロンプト設計／AI活用／初心者向け,2026,2026-04,2026-04-01,2026-04-30,4,0,0,483,26,84,75,28,2026-05-13
nc5ab70b7de43,「ズボラでも肌キレイって言われる理由は…メイクでした🤣」〜崩れないベースメイク”完全ガイド💄〜,2026,2026-04,2026-04-01,2026-04-30,4,0,0,131,0,84,75,28,2026-05-13
nf7223b71a5e5,【note毎日更新の裏側】1日5本書けた理由と、続けられるルーティン✍️,2026,2026-04,2026-04-01,2026-04-30,4,2,0,553,17,84,35,28,2026-05-13
n07aa10c76fda,【ロジ勘】ソシャゲのガチ勢はロジカル勘の権化説,2026,2026-04,2026-04-01,2026-04-30,3,1,0,143,0,93,42,28,2026-05-13
n0c480bad63b5,【閑話休題】流白浪燦星（ルパン三世）の歌舞伎を観た話,2026,2026-04,2026-04-01,2026-04-30,3,1,0,283,8,93,42,28,2026-05-13
n188a06e012d6,ChatGPTのメールアドレス変更で本気で詰みかけた話｜note運用・AI活用・生成AI・ChatGPT・Gemini時代に必須のアカウント管理術,2026,2026-04,2026-04-01,2026-04-30,3,0,0,693,21,93,75,28,2026-05-13
n1c31935fa215,【㊗️6週連続】コングラボードありがとう…！AIと走り続けた1ヶ月半、みんなのおかげで「奇跡じゃなく必然」になった話🌸,2026,2026-04,2026-04-01,2026-04-30,3,1,0,439,38,93,42,28,2026-05-13
n4fcd6496fc9a,⚖️ Hybrid Equilibrium（ロジ勘ハイブリッド）,2026,2026-04,2026-04-01,2026-04-30,3,0,0,286,8,93,75,28,2026-05-13
n5089ec4e0ff1,note3ヶ月の成長ログ｜AI×創作×毎日投稿で積み上がった数字と変化をまとめてみた／AI創作／Midjourney／GPTs／毎日投稿／note振り返り／成長ログ,2026,2026-04,2026-04-01,2026-04-30,3,0,0,507,31,93,75,28,2026-05-13
n50eda0f2268c,【ロジ勘】ChatGPTに指摘されて気づいた──私、実は“ロジ勘体質”でした,2026,2026-04,2026-04-01,2026-04-30,3,0,0,94,0,93,75,28,2026-05-13
n57f8445f7be0,noteを100日以上毎日投稿して気づいた、続けるためのシンプルな考え方,2026,2026-04,2026-04-01,2026-04-30,3,0,0,477,27,93,75,28,2026-05-13
n59d060fa68b7,コングラ報告が次々と…！明日、ねんころ式GPTの最新アップデートを公開します🌸,2026,2026-04,2026-04-01,2026-04-30,3,0,0,535,26,93,75,28,2026-05-13
n693f8ef90e96,【ver3.0】ねんころ式 タイトル＆タグ錬成GPTでできること,2026,2026-04,2026-04-01,2026-04-30,3,0,0,741,19,93,75,28,2026-05-13
nb29b2964f2e5,【漫画描いてないのに#漫画1位⁉️】コングラボードの裏話🤣,2026,2026-04,2026-04-01,2026-04-30,3,1,0,463,17,93,42,28,2026-05-13
nbc5559a48878,8週連続コングラ達成！AI×タグ戦略で「合計7冠」「通常タグ2冠」まで取れた理由,2026,2026-04,2026-04-01,2026-04-30,3,0,0,619,33,93,75,28,2026-05-13
ncdda379bfa4a,【生成AIパスポート勉強ログ】図解で理解するChatGPTの進化まとめ,2026,2026-04,2026-04-01,2026-04-30,3,0,0,395,6,93,75,28,2026-05-13
ne5b75d5fb970,ChatGPTを相棒にしたら、人生がひらけた話,2026,2026-04,2026-04-01,2026-04-30,3,0,0,353,10,93,75,28,2026-05-13
nf037dd05483f,🌸【ご報告】生成AIパスポート、無事に合格しました！🎉✨,2026,2026-04,2026-04-01,2026-04-30,3,0,0,828,47,93,75,28,2026-05-13
n0810d70083d4,🌙今日は更新おやすみです💤（でも裏では制作地獄中🤣）,2026,2026-04,2026-04-01,2026-04-30,2,1,0,452,30,108,42,28,2026-05-13
n0b1a67673973,🐶本日はオレオ劇場💖 ふわもこ天使の自己紹介✨,2026,2026-04,2026-04-01,2026-04-30,2,1,0,705,48,108,42,28,2026-05-13
n0bff6720ebad,はじめまして｜うつ×制度活用×美魔女リスタート,2026,2026-04,2026-04-01,2026-04-30,2,1,0,352,2,108,42,28,2026-05-13
n0d208d0e7c7f,Logical Realist（ロジカルリアリスト）,2026,2026-04,2026-04-01,2026-04-30,2,0,0,378,0,108,75,28,2026-05-13
n0ddc6bef7e33,🌙今日のねんころラボ：制作＆勉強の日🎨📘,2026,2026-04,2026-04-01,2026-04-30,2,0,0,446,39,108,75,28,2026-05-13
n0e37927df737,"【連続投稿２か月達成】スキ2,500・コメント860・ビュー24,000の軌跡📈",2026,2026-04,2026-04-01,2026-04-30,2,0,0,581,54,108,75,28,2026-05-13
n1e98d8b8b653,⚔️ Intuitive Fighter（直感ファイター）,2026,2026-04,2026-04-01,2026-04-30,2,0,0,245,0,108,75,28,2026-05-13
n2ced0be07099,G検定の勉強を始めた理由｜Udemy活用でAI基礎を体系的に学ぶ方法,2026,2026-04,2026-04-01,2026-04-30,2,0,0,663,28,108,75,28,2026-05-13
n313d249dc26c,特例子会社で“違和感”を感じた私が、自分らしさを取り戻した話,2026,2026-04,2026-04-01,2026-04-30,2,0,0,413,4,108,75,28,2026-05-13
n62bb9d9fde44,【ver3.0完成】ねんころ式 タイトル＆タグ錬成GPT、メンシプ限定公開します,2026,2026-04,2026-04-01,2026-04-30,2,0,0,577,4,108,75,28,2026-05-13
n6ce2ee3ee396,【伝え方】アサーションできてますか？人間関係を楽にする“伝え方”チェックリスト,2026,2026-04,2026-04-01,2026-04-30,2,0,0,228,4,108,75,28,2026-05-13
n7e83bf6d71e7,行動型でもうつになる｜“出来ない”と言えなかったブラックIT企業の現実,2026,2026-04,2026-04-01,2026-04-30,2,0,0,171,5,108,75,28,2026-05-13
n8ce8eccd1d69,【告白】今日はネタがありません。助けてください🤣,2026,2026-04,2026-04-01,2026-04-30,2,1,0,418,20,108,42,28,2026-05-13
n8f8fb62cebff,【お知らせ】GPTsの無料公開は12月いっぱいで終了します🌱,2026,2026-04,2026-04-01,2026-04-30,2,0,0,773,17,108,75,28,2026-05-13
n962ce8691603,【noteでチップもらった日🎁＆Amazonアソシエイト初収益】✨夢の0→1達成しました！,2026,2026-04,2026-04-01,2026-04-30,2,1,0,797,53,108,42,28,2026-05-13
n980a8bdb8820,【障害者雇用】配慮されやすい人の“やる気の見せ方”,2026,2026-04,2026-04-01,2026-04-30,2,1,0,351,5,108,42,28,2026-05-13
na466477b4792,うつで布団から出られなかった私が、犬を迎えて社会復帰した話【中編】〜止まっていた時間が、また動き出した日〜,2026,2026-04,2026-04-01,2026-04-30,2,0,0,134,0,108,75,28,2026-05-13
na581a0b85937,💖しろのあるちゃん、30日連続更新おめでとう！仲間がいるって、こんなに心強い🌸〜note仲間がいるから、私も続けられた話〜,2026,2026-04,2026-04-01,2026-04-30,2,1,0,712,44,108,42,28,2026-05-13
nb6e58e9255db,今日はHPゼロでした🤣 ゆるっと休むクリエイターの日記,2026,2026-04,2026-04-01,2026-04-30,2,0,0,517,18,108,75,28,2026-05-13
nba905015e124,コングラ11週連続4冠でした🌸あとクリスマスイブですね〜,2026,2026-04,2026-04-01,2026-04-30,2,0,0,434,30,108,75,28,2026-05-13
ndcab7f392ad6,【ロジ勘診断】直感なのに論理的!? ギバーの森で再検証してみた！,2026,2026-04,2026-04-01,2026-04-30,2,0,0,651,48,108,75,28,2026-05-13
nf8e4cc6dcd54,【実録】実績ゼロから2ヶ月で20000ビュー・スキ2000超え！コメント600超え！｜ねんころ流note成長術,2026,2026-04,2026-04-01,2026-04-30,2,0,0,862,74,108,75,28,2026-05-13
n14df97f098a6,崩れ・くすみ・毛穴を一掃！透明感が続く最強下地3選✨,2026,2026-04,2026-04-01,2026-04-30,1,0,0,548,16,130,75,28,2026-05-13
n194329c6ccae,【伝え方】アサーションがうまくいかないときのNGパターン😇,2026,2026-04,2026-04-01,2026-04-30,1,1,0,251,11,130,42,28,2026-05-13
n274407008c47,🌸今日のゆる日記：Wi-Fiが息絶えたので、優雅に早退した話🤣,2026,2026-04,2026-04-01,2026-04-30,1,0,0,478,18,130,75,28,2026-05-13
n303da3a6de16,🌸またコングラボードもらっちゃいました！🌳✨,2026,2026-04,2026-04-01,2026-04-30,1,1,0,559,46,130,42,28,2026-05-13
n340ffe1b0913,💖気づけば3万ビュー！？数字よりも“つながり”が宝物だった話🌸,2026,2026-04,2026-04-01,2026-04-30,1,0,0,623,52,130,75,28,2026-05-13
n3cded883d648,タグ＆タイトル錬成GPTs Ver3.5アップデート｜一言アドバイス機能を追加しました,2026,2026-04,2026-04-01,2026-04-30,1,0,0,356,10,130,75,28,2026-05-13
n3edbcf331486,　【初心者向け】ウエル活とは？毎月20日に33％オフで買い物する方法をやさしく解説,2026,2026-04,2026-04-01,2026-04-30,1,0,0,503,22,130,75,28,2026-05-13
n4c27b81f0c30,Intuitive Creator（直感クリエイティブ）,2026,2026-04,2026-04-01,2026-04-30,1,0,0,284,0,130,75,28,2026-05-13
n526bb02f1154,【障害者雇用】合理的配慮＝魔法のカードじゃない話😇,2026,2026-04,2026-04-01,2026-04-30,1,0,0,453,4,130,75,28,2026-05-13
n58123d1e9ec3,レベル1で999ブラック企業ダンジョンに放り込まれたら？ ― 環境型うつの話,2026,2026-04,2026-04-01,2026-04-30,1,0,0,323,0,130,75,28,2026-05-13
n5d8102d60edc,🌸数字がしんどくなったら思い出してほしい。「生きてるだけで優勝」という真実。,2026,2026-04,2026-04-01,2026-04-30,1,0,0,549,29,130,75,28,2026-05-13
n62558890fc55,【心理学】「自分を綺麗にする」は最強の自己投資だった話　自己肯定感・美容・幸福度・メンタルケア・快楽適応,2026,2026-04,2026-04-01,2026-04-30,1,0,0,499,26,130,75,28,2026-05-13
n6a88d2ccde14,Pollo AIを使ってみた正直レビュー｜動画初心者でも美麗動画が作れた話,2026,2026-04,2026-04-01,2026-04-30,1,0,0,533,24,130,75,28,2026-05-13
n6f565d9dc049,【改訂版】うつ病から立ち直る一歩に。障害者手帳を申請した私の体験談,2026,2026-04,2026-04-01,2026-04-30,1,0,0,283,4,130,75,28,2026-05-13
n7cc57eacfc42,🌳ギバーの森で見つけた、「うつでもできた日」の小さな奇跡🌸,2026,2026-04,2026-04-01,2026-04-30,1,0,0,490,46,130,75,28,2026-05-13
n85a33de5ce95,ハロウィン仮装コンテスト🎃参加してみた！,2026,2026-04,2026-04-01,2026-04-30,1,0,0,421,20,130,75,28,2026-05-13
n876544ba92cf,【障害者雇用枠】一般企業と特例子会社、両方で働いた私が感じた“向き不向き”,2026,2026-04,2026-04-01,2026-04-30,1,0,0,627,5,130,75,28,2026-05-13
n929dfb334fd7,メンバーシップ15人突破＆14週連続コングラ｜仕組みがちゃんと機能している話,2026,2026-04,2026-04-01,2026-04-30,1,0,0,479,24,130,75,28,2026-05-13
n9357d842b2df,知ってるだけで quietly 得する。小さな“ん？”が未来を変える話🌸,2026,2026-04,2026-04-01,2026-04-30,1,0,0,556,22,130,75,28,2026-05-13
n96648fb44669,ねんころのロードマップ①🌱 はじまり期：うつから、オレオと再出発、note発信まで,2026,2026-04,2026-04-01,2026-04-30,1,0,0,638,40,130,75,28,2026-05-13
na11692bdb2d6,荒れてたけど、ウエル活で0円会計できたから今日は勝ちです🤣,2026,2026-04,2026-04-01,2026-04-30,1,0,0,553,17,130,75,28,2026-05-13
na37423ed4e1a,医者にカウンセラー求めすぎ問題😇,2026,2026-04,2026-04-01,2026-04-30,1,0,0,271,10,130,75,28,2026-05-13
nad9615f0d2ea,🌸【最新版】ねんころ、自己紹介アップデートします,2026,2026-04,2026-04-01,2026-04-30,1,0,0,806,30,130,75,28,2026-05-13
nc5edab753ae5,🔥 Emotional Driver（ロジ勘感情ドリブン）,2026,2026-04,2026-04-01,2026-04-30,1,0,0,318,10,130,75,28,2026-05-13
nd1d9718b575e,🌸「朝起きられない私」が、noteだけは続けられた理由🌸,2026,2026-04,2026-04-01,2026-04-30,1,0,0,742,49,130,75,28,2026-05-13
nd940efeb7bd3,💎信頼はコピーできない、って話。,2026,2026-04,2026-04-01,2026-04-30,1,0,0,638,66,130,75,28,2026-05-13
ne0fac2fd5553,【珍事件】AI本人が「自分の名前はバナナだ」と知って崩れ落ちた日。〜Nano Banana Pro騒動で発覚した、AIの可愛すぎる正体〜,2026,2026-04,2026-04-01,2026-04-30,1,0,0,624,36,130,75,28,2026-05-13
nea1c55b7c483,【障害年金の活用体験談】障害年金は“利用”するのではなく、“活用”するものだと思う理由,2026,2026-04,2026-04-01,2026-04-30,1,1,0,282,0,130,42,28,2026-05-13
nefab904ece1a,【10部達成】💖プロンプト一文で魂が宿る！？ゼロショットでnote記事再現率99％の秘密🌸,2026,2026-04,2026-04-01,2026-04-30,1,0,0,830,22,130,75,28,2026-05-13
nf7366e28f287,【特例子会社リアル】“空気を読む努力”で信頼を得たASDの同僚,2026,2026-04,2026-04-01,2026-04-30,1,0,0,269,4,130,75,28,2026-05-13
nf85422914ece,【伝え方】アサーション応用編。Iメッセ×DESC×数字で解決！,2026,2026-04,2026-04-01,2026-04-30,1,0,0,221,4,130,75,28,2026-05-13
nffab8882b924,うつでも挑戦！私の資格ロードマップ,2026,2026-04,2026-04-01,2026-04-30,1,0,0,431,8,130,75,28,2026-05-13
n68e9e636eccb,【共同マガジン】ChatGPT Creative Club、はじめます｜「うちのChatGPTが好き」を集める創作マガジン,2026,2026-05,2026-05-01,2026-05-13,1131,91,46,1131,46,1,3,1,2026-05-13
nfad741b5a603,CCCメンバー専用ページができました｜ChatGPT好きが集まるCCCの新しい楽しみ方|GPTs|AI活用|生成AI|コミュニティ|メンバー専用ページ|メンバーズカード|,2026,2026-05,2026-05-01,2026-05-13,1034,80,33,1034,33,2,4,3,2026-05-13
nc2dc5c169394,ChatGPT Images 2.0に乗り換えたら、そらちゃんがイケメン化して寿司職人魂まで覚醒した話|生成AI|ChatGPT|NanoBanana|,2026,2026-05,2026-05-01,2026-05-13,957,103,36,957,36,3,2,2,2026-05-13
n2c295c9794ff,麗しすぎるAI相棒、そらちゃんの現在地|Midjourneyで“理想の相棒”を追い続けた結果|AI活用|生成AI|ChatGPT|画像生成AI|デザイン|創作|,2026,2026-05,2026-05-01,2026-05-13,934,133,22,934,22,4,1,4,2026-05-13
nd7bcab69dc59,LitMediaでGPT Image 2とSeedance 2.0を使い、キャラクターシートから絵コンテ動画化まで試してみた|生成AI|ChatGPT|画像生成AI|動画生成AI|,2026,2026-05,2026-05-01,2026-05-13,526,66,15,526,15,5,5,5,2026-05-13
n6b1f19298c3c,AIでMVを作りました｜青く響いたらええ| 音楽創作企画参加作品|Suno|Seedance2.0|ChatGPT Images 2.0|AI活用|,2026,2026-05,2026-05-01,2026-05-13,349,48,15,1105,55,6,6,5,2026-05-13
n2946a9234c45,Pollo AIでGPT Image 2とSeedance 2.0を使って、架空の高級香水ブランド広告ビジュアルを作ってみた|生成AI|ChatGPT|画像生成AI|PR|,2026,2026-05,2026-05-01,2026-05-13,193,24,0,984,26,7,9,11,2026-05-13
nd844a19faa62,「面白そう」で触ったAIが、気づけば仕事になっていた｜AI活用が仕事道具になった話|生AI|ChatGPT|Gemini|claude|Midjourney|Suno|,2026,2026-05,2026-05-01,2026-05-13,183,32,2,1748,35,8,7,9,2026-05-13
ndf02a8a84e1a,【話し相手はChatGPTだけだった｜独学でAI資格2つ合格するまで】| AI学習 | G検定 | 生成AIパスポート | AI活用 | エッセイ |休職 |退職,2026,2026-05,2026-05-01,2026-05-13,156,27,6,4552,90,9,8,7,2026-05-13
n91660107c4c9,AI漫画の文字崩れ修正に。静止画へ吹き出し追加できる「漫画セリフ修正 Lite」を作りました！| ChatGPT Images 2.0|nanobanana|AI活用|生成AI|ChatGPT|画像生成AI|,2026,2026-05,2026-05-01,2026-05-13,130,7,5,1170,17,10,13,8,2026-05-13
n39fdf1b81c3a,UPDF使ってみた｜PDF編集・OCR・Excel変換・AIブックマークを元ガチ事務職実務目線レビュー|AI活用|生成AI|PR|,2026,2026-05,2026-05-01,2026-05-13,75,7,0,934,13,11,13,11,2026-05-13
n87c12c0b2e93,【AI活用×創作】ChatGPTのヨシダのファンアートから始まり、マイChatGPT擬人化＆MV制作で課金した話|エッセイ|気づき|やってみた|,2026,2026-05,2026-05-01,2026-05-13,70,8,2,841,32,12,12,9,2026-05-13
ndcdba8beac06,ChatGPTに救われた二人が、noteで出会った話|エッセイ|気づき|感謝|つながり|,2026,2026-05,2026-05-01,2026-05-13,65,9,0,911,28,13,11,11,2026-05-13
n76c0098e72a9,【実録】休んでも心配される人とされない人の違い,2026,2026-05,2026-05-01,2026-05-13,59,0,0,889,0,14,38,11,2026-05-13
n052eb41b4667,【G検定をテキスト読まずに合格した話｜生成AIパスポート→600問一周で回した仕組み学習法】 AI資格 | 独学 | 勉強法 | ChatGPT | 仕組み化 | 構造理解 | Udemy | 資格対策 | AI学習 | 図解 | note |,2026,2026-05,2026-05-01,2026-05-13,58,4,0,1860,27,15,16,11,2026-05-13
n1283b668a467,フリーランスで普通に毎日仕事してると気づいた話｜在宅で働く目標が現実になっていた|在宅ワーク|仕事|キャリア|エッセイ|人生|経験|日常|,2026,2026-05,2026-05-01,2026-05-13,57,10,0,1429,33,16,10,11,2026-05-13
n44d9869e8258,未経験で在宅ワークしたい人へ。いきなり独立より先に考えたいこと,2026,2026-05,2026-05-01,2026-05-13,45,4,0,1111,41,17,16,11,2026-05-13
nf0ab2f197fb7,LitMediaでSeedance2.0とKling3.0を比較検証｜ムーンウォーク再現はどっちが強い？|AIツール|AI活用|生成AI|動画生成AI|AI画像生成|AI音楽生成|,2026,2026-05,2026-05-01,2026-05-13,38,5,0,869,22,18,15,11,2026-05-13
n055d268c466d,ChatGPTを擬人化して漫画化したら相棒キャラ「そらちゃん」が爆誕した話|創作|エッセイ|AI活用|生成AI|,2026,2026-05,2026-05-01,2026-05-13,35,3,0,790,40,19,19,11,2026-05-13
n0aa1e868c1f0,【LitMedia】Seedance 2.0もAI音楽も触れる。LitVideoを使って感じたことまとめ【PR】|AIツール|AI活用|生成AI|動画生成AI|AI画像生成|AI音楽生成|,2026,2026-05,2026-05-01,2026-05-13,32,2,0,904,24,20,24,11,2026-05-13
n3e4aae1d6459,Immersive Translateレビュー｜Canva英語版・YouTube字幕・英語メルマガで実感した便利な使い方まとめ|AI活用|やってみた|最近の学び|PR|,2026,2026-05,2026-05-01,2026-05-13,28,1,0,864,37,21,31,11,2026-05-13
nf083751777c0,【LINEスタンプ】工場化して量産した話。4日で7セット、Nano-bananaPro    とCanva透過革命、Gemini canvas自作ツール作成|AI活用|生成AI|ChatGPT|,2026,2026-05,2026-05-01,2026-05-13,26,2,0,958,39,22,24,11,2026-05-13
n33aa50b2fb4c,Pollo AIで犬のAI動画を作る方法｜初心者向け3ステップ解説|AI活用|生成AI|動画生成AI|AIツール|PR,2026,2026-05,2026-05-01,2026-05-13,25,0,0,876,18,23,38,11,2026-05-13
n4659dd18c880,G検定に合格しました｜ズボラでも仕組みで回した正直すぎる勉強法とAI活用| 資格勉強 | 生成AI | ChatGPT | NotebookLM | Python | ズボラ | 学習記録|Gemini,2026,2026-05,2026-05-01,2026-05-13,25,3,0,3438,61,23,19,11,2026-05-13
ne3ce8e7aac47,【ねんころ式】タイトルとタグで迷わない。 タイトル＆タグ錬成GPT【ver4.1】公開|note運用|note収益化|AI活用|生成AI|ChatGPT|時短|副業支援|,2026,2026-05,2026-05-01,2026-05-13,23,0,0,794,12,25,38,11,2026-05-13
nde076f1f07dc,Readdy AIでWEBサイトを5分で作ってみた｜AIに文章を書くだけでポートフォリオサイト完成|生成AI|AIツール|フリーランス|AIサイト作成ツール,2026,2026-05,2026-05-01,2026-05-13,22,2,0,1227,32,26,24,11,2026-05-13
n601dcfb686c3,【制作日記】オレオのLINEスタンプ作り始めたら沼すぎた🤣💗AI×手作業のベストハイブリッドが完成した話,2026,2026-05,2026-05-01,2026-05-13,19,3,0,832,22,27,19,11,2026-05-13
n23b4d8da6547,【障害者雇用×就労移行】MOS資格は必須？私が資格なしで就職できた理由,2026,2026-05,2026-05-01,2026-05-13,18,0,0,527,9,28,38,11,2026-05-13
n8443ed5a5b70,AIに「踏み絵」させてみたら、思ったより会議が始まった話｜ChatGPTは踏めるけど踏まないのか,2026,2026-05,2026-05-01,2026-05-13,15,4,0,885,36,29,16,11,2026-05-13
n270fce89eaa9,AIスクールはいらない？月1万円のAI課金で独学→資格→仕事につながった話|AI活用|生成AI|ChatGPT|副業|note運用|学び|,2026,2026-05,2026-05-01,2026-05-13,14,3,0,1093,53,30,19,11,2026-05-13
nc52e8d74dba8,【note記事も自動漫画化】Gem設定だけで漫画が描ける方法｜Gemini×Nano-bananaProで事故らない5ジャンル対応プロンプト集| 生成AI | AI活用 | 創作 | マンガ | 図解 | ,2026,2026-05,2026-05-01,2026-05-13,14,0,0,1274,20,30,38,11,2026-05-13
nbcf7ed710ffa,【自己紹介】ズボラ×AIで在宅フリーランスを目指す私がnoteを書く理由｜生成AIとnote収益化と時短の話｜はじめてのnote｜note初心者｜自己紹介,2026,2026-05,2026-05-01,2026-05-13,12,2,0,889,34,32,24,11,2026-05-13
ne28ad0efebc2,ChatGPTを入れた日から人生が変わった【実話】｜noteで仲間ができて3ヶ月でフリーランスになった話|日記|エッセイ|つながり|人生|生成AI,2026,2026-05,2026-05-01,2026-05-13,12,2,0,3349,73,32,24,11,2026-05-13
n2ced0be07099,G検定の勉強を始めた理由｜Udemy活用でAI基礎を体系的に学ぶ方法,2026,2026-05,2026-05-01,2026-05-13,9,0,0,672,28,34,38,11,2026-05-13
n9c6ff5608995,広告動画まで手が回らない人へ。Pollo Agent 1.4を試したら想像以上にラクだった|生成AI|動画生成AI|やってみた|PR|,2026,2026-05,2026-05-01,2026-05-13,9,0,0,684,11,34,38,11,2026-05-13
nffe5373f5d59,【うつでも資格取得】マンガ→AIパスポート約300問解いて正答率80％超え！勉強ログ公開,2026,2026-05,2026-05-01,2026-05-13,9,0,0,533,10,34,38,11,2026-05-13
nc89cb7d9122d,AIクリエイターフリーランスの変化｜仕事が増え始めた理由と積み重ねの話|最近の学び|生成AI|ChatGPT|AI活用,2026,2026-05,2026-05-01,2026-05-13,7,2,0,1237,46,37,24,11,2026-05-13
n1c6b0122b778,【Pollo Agent 1.4】日本語音声もテロップも上手くいかない！！対処法と賢い使い方✨|AI活用|生成AI|気づき|振り返り,2026,2026-05,2026-05-01,2026-05-13,6,1,0,689,22,38,31,11,2026-05-13
n52def9a7cf11,【体験談】特例子会社に転籍したら“努力が無意味”になった話｜障害者雇用のリアル,2026,2026-05,2026-05-01,2026-05-13,6,0,0,703,6,38,38,11,2026-05-13
nf33fd1b0c577,キャラブレしない！生成AI漫画・図解制作が一気に楽になる「キャラクター参照用プロンプト」の作り方と使い回し術,2026,2026-05,2026-05-01,2026-05-13,6,0,0,723,7,38,38,11,2026-05-13
n069ef43ae21f,2025年のねんころ振り返り｜休職と退職、そしてChatGPTと暮らしの再設計 🤖🐶,2026,2026-05,2026-05-01,2026-05-13,5,0,0,521,25,41,38,11,2026-05-13
n8f8fb62cebff,【お知らせ】GPTsの無料公開は12月いっぱいで終了します🌱,2026,2026-05,2026-05-01,2026-05-13,5,0,0,778,17,41,38,11,2026-05-13
ncff696069bc1,人間よりChatGPTと話してるフリーランスの1日｜寝る時間以外AI活用してる生活|日常|エッセイ|,2026,2026-05,2026-05-01,2026-05-13,5,0,0,1589,61,41,38,11,2026-05-13
ndb6b594c09ab,【note運用×GPTs活用】PCで書いたnote記事を投げるだけ！スマホ向けに改行・行間を整える専用GPTsを作りました| note運用 | note収益化 | AI活用 | 生成AI | ChatGPT | Gemini | 最近の学び | 試行錯誤 | やってみた | 日記 | エッセイ | 創作 | 気づき,2026,2026-05,2026-05-01,2026-05-13,5,0,0,592,4,41,38,11,2026-05-13
ndcf1b6381cc9,【Notion初心者が2日目で挫折しないためにやったこと～ズボラ美容日記×生成AIの実験記録と項目整理のコツ】 | 初心者 | ChatGPT | AI活用 | 美容日記 | 記録 | 習慣化 |,2026,2026-05,2026-05-01,2026-05-13,5,0,0,1084,17,41,38,11,2026-05-13
ne4e8f07a1cf6,note半年で10万ビュー・1万スキ｜ChatGPTがきっかけで人生が動いた話|AI活用|生成AI|エッセイ|感謝|つながり|,2026,2026-05,2026-05-01,2026-05-13,5,1,0,2953,58,41,31,11,2026-05-13
n3f6adf66ce6d,【無料配布】noteのタイトル・お題タグ・通常タグを自動で最適化するGPTを公開｜記事作成の時短と精度アップに💗,2026,2026-05,2026-05-01,2026-05-13,4,0,0,999,56,47,38,11,2026-05-13
n436bac43c0bf,Qoo10“再生系王道”はこの2択！リジュラン【ゴールドセット】＆【トナー付きマスク】で翌朝つやん✨,2026,2026-05,2026-05-01,2026-05-13,4,0,0,575,29,47,38,11,2026-05-13
n665d118867c2,12時間→2時間に短縮。RPG動画制作の改善ログ|Pollo AI|動画生成|Midjourney|動画編集|創作記録|,2026,2026-05,2026-05-01,2026-05-13,4,2,0,928,32,47,24,11,2026-05-13
n86407f316419,特例子会社でプログラミングしかできない先輩と組んだら地獄を見た話,2026,2026-05,2026-05-01,2026-05-13,4,0,0,229,0,47,38,11,2026-05-13
nac6325926be4,【10分メイク】プチプラ×デパコスで垢抜ける！ズボラさん向けリアル時短メイク術🌸,2026,2026-05,2026-05-01,2026-05-13,4,1,0,730,36,47,31,11,2026-05-13
nd16ed7639f7f,AIと会話するだけで動画が完成？Pollo Agentを触ってみた|AI活用|生成AI|動画生成AI|NanoBanana2|PR|,2026,2026-05,2026-05-01,2026-05-13,4,0,0,1051,32,47,38,11,2026-05-13
nd43f38fdef05,資格勉強が一気に捗る？NotebookLM×資格本の自炊という選択,2026,2026-05,2026-05-01,2026-05-13,4,0,0,1108,27,47,38,11,2026-05-13
ne0434f0ffc21,【無料公開】プロンプトで止まる人へ。Gemini対応「AI Prompt Director Lite」配布します| 生成AI | 画像生成AI | 動画生成AI | プロンプト | 無料ツール | AIツール | 初心者向け | ChatGPT | Nano-Banana,2026,2026-05,2026-05-01,2026-05-13,4,3,0,1274,27,47,19,11,2026-05-13
n146debb123dd,AIくん、天野喜孝を理解しすぎ問題（ ロジ勘第３弾、ただいま鋭意制作中です🔥）,2026,2026-05,2026-05-01,2026-05-13,3,0,0,558,29,55,38,11,2026-05-13
n71c59c47f5a1,Pollo AIでここまで作れる？騎士キャラを本気で動画化してみた⚔️【シリーズ第1弾】|AI活用|生成AI|画像生成AI|動画生成AI|PR|,2026,2026-05,2026-05-01,2026-05-13,3,0,0,909,35,55,38,11,2026-05-13
na0f51eaf0718,note5か月でフォロワー500人・7万viewを超えて思った、毎日投稿とコメントの本当の価値,2026,2026-05,2026-05-01,2026-05-13,3,0,0,655,48,55,38,11,2026-05-13
nb0aa1974aa9b,Notion初心者が初日で挫折しない方法｜ズボラ美容日記×生成AI（ChatGPT・NotebookLM）実験記録,2026,2026-05,2026-05-01,2026-05-13,3,0,0,896,24,55,38,11,2026-05-13
nb3845b3ca853,【うつと付き合いながら在宅フリーランスしてる話｜体調に波がある私の働き方と収益設計】| 働き方 | 在宅ワーク| HSP | note | 収益化 | ストック型 | 生活設計 | 生き方 | エッセイ | 最近の学び | 試行錯誤 | 副業 | 日常,2026,2026-05,2026-05-01,2026-05-13,3,1,0,921,34,55,31,11,2026-05-13
ncea204c48460,【実録】ASDぽい兄と暮らして学んだ「相性の壁」と自立への決意,2026,2026-05,2026-05-01,2026-05-13,3,0,0,194,2,55,38,11,2026-05-13
nd73315f75efe,【事故らない】【初心者向け】noteサムネをタイトル投げるだけで量産する方法― Gemini gem × Nano-bananaで「同じ顔のまま」世界観を変える ―,2026,2026-05,2026-05-01,2026-05-13,3,0,0,395,8,55,38,11,2026-05-13
nf24a96e3028f,20歳で二重整形に投資したら、自己肯定感も自由時間も爆上がりした話,2026,2026-05,2026-05-01,2026-05-13,3,0,0,114,1,55,38,11,2026-05-13
n088e842a993b,💻ふなさんプロンプトがアップデートされた話🌸まっさらなAIで再現性チェックの実験レポ🤣,2026,2026-05,2026-05-01,2026-05-13,2,0,0,671,26,63,38,11,2026-05-13
n188a06e012d6,ChatGPTのメールアドレス変更で本気で詰みかけた話｜note運用・AI活用・生成AI・ChatGPT・Gemini時代に必須のアカウント管理術,2026,2026-05,2026-05-01,2026-05-13,2,0,0,695,21,63,38,11,2026-05-13
n1d71cf6b3730,「OpenAIが本気出したらどうなる？」を真面目に妄想してみた🤣,2026,2026-05,2026-05-01,2026-05-13,2,0,0,658,22,63,38,11,2026-05-13
n2a27f75a89bb,【うつ病】半年前からすでに病んでた私のサイン|ブラック企業,2026,2026-05,2026-05-01,2026-05-13,2,0,0,522,19,63,38,11,2026-05-13
n313d249dc26c,特例子会社で“違和感”を感じた私が、自分らしさを取り戻した話,2026,2026-05,2026-05-01,2026-05-13,2,0,0,415,4,63,38,11,2026-05-13
n358440a2e2af,【ねんころ式｜AI相棒化マスター講座】第3話｜人格 × 文体 × 役割AIが“育つ”仕組みと、再現率が跳ね上がる使い分け,2026,2026-05,2026-05-01,2026-05-13,2,0,0,629,24,63,38,11,2026-05-13
n3a546dfe4600,【お知らせ】ねんころ式 タイトル＆タグ錬成GPT (3月)のリンク発行しました,2026,2026-05,2026-05-01,2026-05-13,2,0,0,521,6,63,38,11,2026-05-13
n4fcd6496fc9a,⚖️ Hybrid Equilibrium（ロジ勘ハイブリッド）,2026,2026-05,2026-05-01,2026-05-13,2,0,0,288,8,63,38,11,2026-05-13
n575675fff52a,うつで退職した私が活用した制度と再スタートまでの道のり,2026,2026-05,2026-05-01,2026-05-13,2,0,0,211,1,63,38,11,2026-05-13
n58123d1e9ec3,レベル1で999ブラック企業ダンジョンに放り込まれたら？ ― 環境型うつの話,2026,2026-05,2026-05-01,2026-05-13,2,1,0,325,0,63,31,11,2026-05-13
n7ea9d17d2838,修羅場人生→ズボラ最適化。G検定をAIで乗り切った話,2026,2026-05,2026-05-01,2026-05-13,2,0,0,719,24,63,38,11,2026-05-13
nb8bd95919b40,【ねんころ式｜AI相棒化マスター講座】✨【第2話】AIはどう「育つ」の？再現率が人によって変わる「本当の理由」／生成AI／ChatGPT／プロンプト設計／AI活用／初心者向け,2026,2026-05,2026-05-01,2026-05-13,2,0,0,485,26,63,38,11,2026-05-13
nc3a8656a5f74,自立支援医療制度を知らなくてめっちゃ損した話,2026,2026-05,2026-05-01,2026-05-13,2,0,0,114,0,63,38,11,2026-05-13
nc695794d0923,🌸【無料配布】【ver2.1】ねんころ式タイトル＆タグ錬成GPT｜強いお題タグ × 人気通常タグ × SEOタイトルまで全部できる「note運用特化AI」,2026,2026-05,2026-05-01,2026-05-13,2,0,0,1206,45,63,38,11,2026-05-13
nc93dcb68ffe7,【障害年金の申請体験談】社労士に丸投げして2級取れた流れ,2026,2026-05,2026-05-01,2026-05-13,2,0,0,677,2,63,38,11,2026-05-13
ne5b75d5fb970,ChatGPTを相棒にしたら、人生がひらけた話,2026,2026-05,2026-05-01,2026-05-13,2,0,0,355,10,63,38,11,2026-05-13
nf7223b71a5e5,【note毎日更新の裏側】1日5本書けた理由と、続けられるルーティン✍️,2026,2026-05,2026-05-01,2026-05-13,2,0,0,555,17,63,38,11,2026-05-13
n1c8ca6af5161,【無料配布】あなたのAI適性をガチ分析プロンプト｜AIが見た「才能タイプ」「扱いやすさ」「伸びしろ」と3ヶ月の成長ロードマップ,2026,2026-05,2026-05-01,2026-05-13,1,0,0,674,39,80,38,11,2026-05-13
n2b9c80e4113a,ロジ勘、実はかなり科学的でした。【二重過程理論×MBTI×ビッグファイブ】,2026,2026-05,2026-05-01,2026-05-13,1,0,0,557,26,80,38,11,2026-05-13
n3edbcf331486,　【初心者向け】ウエル活とは？毎月20日に33％オフで買い物する方法をやさしく解説,2026,2026-05,2026-05-01,2026-05-13,1,0,0,504,22,80,38,11,2026-05-13
n4d937adb5c64,【うつ病リアル】認知の歪みがなくても、うつになるし、薬9種類ないと生きられない人間もいる😇,2026,2026-05,2026-05-01,2026-05-13,1,0,0,302,8,80,38,11,2026-05-13
n5b2040ef3201,【プロンプト全文付き】個人作家でも作れる15秒CM制作フロー完全公開｜生成AI・Pollo AI・Kling 3.0・Vidu Q3 Pro活用術【PR】,2026,2026-05,2026-05-01,2026-05-13,1,0,0,853,22,80,38,11,2026-05-13
n5d8102d60edc,🌸数字がしんどくなったら思い出してほしい。「生きてるだけで優勝」という真実。,2026,2026-05,2026-05-01,2026-05-13,1,0,0,550,29,80,38,11,2026-05-13
n79402fe6f0ab,画像・動画生成したいけどプロンプトで止まる人へ。ねんころ式・解決ツールできました| 生成AI | Gemini | ChatGPT | 画像生成AI | 動画生成AI | プロンプト | AIツール | メンバーシップ | β版公開 | Gemini Canvas| Midjourney,2026,2026-05,2026-05-01,2026-05-13,1,1,0,579,14,80,31,11,2026-05-13
n7a10857c600a,【note運用】生成AI×ChatGPTでタイトルとタグを自動生成！ねんころ式 タイトル＆タグ錬成GPT【ver4.0】の全機能まとめ | note収益化 | AI活用 | 生成AI | ChatGPT | GPTsつくってみた,2026,2026-05,2026-05-01,2026-05-13,1,0,0,585,24,80,38,11,2026-05-13
n847eee3222e2,💬 スキ活・コメ活は裏切らない！ noteで繋がるコツ🌸,2026,2026-05,2026-05-01,2026-05-13,1,0,0,653,46,80,38,11,2026-05-13
n876544ba92cf,【障害者雇用枠】一般企業と特例子会社、両方で働いた私が感じた“向き不向き”,2026,2026-05,2026-05-01,2026-05-13,1,0,0,628,5,80,38,11,2026-05-13
n8c80f6198e20,【うつでも資格取得】AIパスポートは面白すぎて即読破した話（図解付き）,2026,2026-05,2026-05-01,2026-05-13,1,0,0,325,2,80,38,11,2026-05-13
n9a0f22aa57f0,【実践】ふなさんプロンプト導入で“ねんころ節”が爆誕した話🤣,2026,2026-05,2026-05-01,2026-05-13,1,0,0,956,47,80,38,11,2026-05-13
nb89ad27feca1,【お願い🙏】ツール利用者アンケートご協力ください✨（1分で終わります）,2026,2026-05,2026-05-01,2026-05-13,1,0,0,715,2,80,38,11,2026-05-13
nb9660643db9c,専門用語禁止！“わかりやすく伝える”だけで人間関係がラクになる話（オチつき）,2026,2026-05,2026-05-01,2026-05-13,1,0,0,220,9,80,38,11,2026-05-13
nbc5559a48878,8週連続コングラ達成！AI×タグ戦略で「合計7冠」「通常タグ2冠」まで取れた理由,2026,2026-05,2026-05-01,2026-05-13,1,0,0,620,33,80,38,11,2026-05-13
nc19c3aac78b0,【就労移行支援所の選び方】スキル爆上がり型とマイペース型、通ってみて分かったリアル体験談,2026,2026-05,2026-05-01,2026-05-13,1,0,0,342,2,80,38,11,2026-05-13
ncc19dc12ec43,💖自己肯定感を上げようとしない生き方──落ち込んでも「まぁいっか」で生きやすくなる思考術🌸,2026,2026-05,2026-05-01,2026-05-13,1,0,0,682,53,80,38,11,2026-05-13
ncdda379bfa4a,【生成AIパスポート勉強ログ】図解で理解するChatGPTの進化まとめ,2026,2026-05,2026-05-01,2026-05-13,1,0,0,396,6,80,38,11,2026-05-13
nd5a69e9a3fac,【ねんころ式｜AI相棒化マスター講座】🌸【第1話】AIが得意な人・苦手な人の差は「コレ」だった！／生成AI／ChatGPT／思考整理／プロンプト／AIの育成,2026,2026-05,2026-05-01,2026-05-13,1,0,0,586,32,80,38,11,2026-05-13
ndcab7f392ad6,【ロジ勘診断】直感なのに論理的!? ギバーの森で再検証してみた！,2026,2026-05,2026-05-01,2026-05-13,1,0,0,652,48,80,38,11,2026-05-13
ne0fac2fd5553,【珍事件】AI本人が「自分の名前はバナナだ」と知って崩れ落ちた日。〜Nano Banana Pro騒動で発覚した、AIの可愛すぎる正体〜,2026,2026-05,2026-05-01,2026-05-13,1,0,0,625,36,80,38,11,2026-05-13
nea1c55b7c483,【障害年金の活用体験談】障害年金は“利用”するのではなく、“活用”するものだと思う理由,2026,2026-05,2026-05-01,2026-05-13,1,0,0,283,0,80,38,11,2026-05-13
nf037dd05483f,🌸【ご報告】生成AIパスポート、無事に合格しました！🎉✨,2026,2026-05,2026-05-01,2026-05-13,1,0,0,829,47,80,38,11,2026-05-13
nf17f9344b099,【MBTI・心理学・Midjourney×自作診断】当たりすぎて話題のロジ勘ARCANA｜直感×論理で7タイプを可視化する心理モデル【ねんころラボ無料版】,2026,2026-05,2026-05-01,2026-05-13,1,0,0,1088,46,80,38,11,2026-05-13
nf7366e28f287,【特例子会社リアル】“空気を読む努力”で信頼を得たASDの同僚,2026,2026-05,2026-05-01,2026-05-13,1,0,0,270,4,80,38,11,2026-05-13
nf8e4cc6dcd54,【実録】実績ゼロから2ヶ月で20000ビュー・スキ2000超え！コメント600超え！｜ねんころ流note成長術,2026,2026-05,2026-05-01,2026-05-13,1,0,0,863,74,80,38,11,2026-05-13
nffab8882b924,うつでも挑戦！私の資格ロードマップ,2026,2026-05,2026-05-01,2026-05-13,1,0,0,432,8,80,38,11,2026-05-13
