key,title,累計PV,累計スキ,前日比PV,前日比スキ,-7日PV,-6日PV,-5日PV,-4日PV,-3日PV,-2日PV,-1日PV,-7日スキ,-6日スキ,-5日スキ,-4日スキ,-3日スキ,-2日スキ,-1日スキ,7日合計PV,7日合計スキ,稼働数PV,稼働数スキ,トレンドスコア,状態,集計日
n1283b668a467,フリーランスで普通に毎日仕事してると気づいた話｜在宅で働く目標が現実になっていた|在宅ワーク|仕事|キャリア|エッセイ|人生|経験|日常|,995,261,52,13,0,0,0,316,430,197,52,0,0,0,59,145,44,13,995,261,4,4,995,🔥 急上昇,2026-04-05
n0aa1e868c1f0,【LitMedia】Seedance 2.0もAI音楽も触れる。LitVideoを使って感じたことまとめ【PR】|AIツール|AI活用|生成AI|動画生成AI|AI画像生成|AI音楽生成|,589,82,39,11,0,0,0,0,302,248,39,0,0,0,0,34,37,11,589,82,3,3,589,🔥 急上昇,2026-04-05
n33aa50b2fb4c,Pollo AIで犬のAI動画を作る方法｜初心者向け3ステップ解説|AI活用|生成AI|動画生成AI|AIツール|PR,741,106,12,1,0,0,311,325,63,30,12,0,0,36,53,13,3,1,741,106,5,5,741,🔥 急上昇,2026-04-05
ndf02a8a84e1a,【話し相手はChatGPTだけだった｜独学でAI資格2つ合格するまで】| AI学習 | G検定 | 生成AIパスポート | AI活用 | エッセイ |休職 |退職,4004,721,5,0,18,29,13,17,22,21,5,4,5,2,2,3,6,0,125,22,7,6,-21,🟢 継続,2026-04-05
nc89cb7d9122d,AIクリエイターフリーランスの変化｜仕事が増え始めた理由と積み重ねの話|最近の学び|生成AI|ChatGPT|AI活用,1160,237,4,0,127,43,21,24,10,13,4,20,3,3,6,5,5,0,242,42,7,6,-676,🟢 継続,2026-04-05
ne4e8f07a1cf6,note半年で10万ビュー・1万スキ｜ChatGPTがきっかけで人生が動いた話|AI活用|生成AI|エッセイ|感謝|つながり|,2859,517,3,0,13,9,8,7,10,7,3,2,4,1,0,1,0,0,57,8,7,4,-90,🟢 継続,2026-04-05
nc52e8d74dba8,【note記事も自動漫画化】Gem設定だけで漫画が描ける方法｜Gemini×Nano-bananaProで事故らない5ジャンル対応プロンプト集| 生成AI | AI活用 | 創作 | マンガ | 図解 | ,1185,67,3,0,5,0,3,1,4,4,3,0,0,0,0,0,0,0,20,0,6,0,-18,🟢 継続,2026-04-05
n4659dd18c880,G検定に合格しました｜ズボラでも仕組みで回した正直すぎる勉強法とAI活用| 資格勉強 | 生成AI | ChatGPT | NotebookLM | Python | ズボラ | 学習記録|Gemini,3325,412,2,1,9,4,1,3,2,4,2,0,0,0,0,0,0,1,25,1,7,1,-8,🟢 継続,2026-04-05
nd16ed7639f7f,AIと会話するだけで動画が完成？Pollo Agentを触ってみた|AI活用|生成AI|動画生成AI|NanoBanana2|PR|,1018,165,2,0,3,6,4,1,4,5,2,1,0,1,0,0,2,0,25,4,7,3,-29,🟢 継続,2026-04-05
n76c0098e72a9,【実録】休んでも心配される人とされない人の違い,718,14,2,0,5,4,1,0,7,4,2,0,0,0,0,0,0,0,23,0,6,0,-1,🟢 継続,2026-04-05
nb0aa1974aa9b,Notion初心者が初日で挫折しない方法｜ズボラ美容日記×生成AI（ChatGPT・NotebookLM）実験記録,885,92,2,0,2,0,0,0,0,0,2,0,0,0,0,0,0,0,4,0,2,0,0,🟢 継続,2026-04-05
n052eb41b4667,【G検定をテキスト読まずに合格した話｜生成AIパスポート→600問一周で回した仕組み学習法】 AI資格 | 独学 | 勉強法 | ChatGPT | 仕組み化 | 構造理解 | Udemy | 資格対策 | AI学習 | 図解 | note |,1646,198,1,0,10,17,13,17,16,8,1,1,0,3,1,1,1,0,82,7,7,5,10,🔥 急上昇,2026-04-05
n71c59c47f5a1,Pollo AIでここまで作れる？騎士キャラを本気で動画化してみた⚔️【シリーズ第1弾】|AI活用|生成AI|画像生成AI|動画生成AI|PR|,881,109,1,0,27,23,5,7,1,5,1,3,3,0,2,0,1,0,69,9,7,4,-743,🟢 継続,2026-04-05
n270fce89eaa9,AIスクールはいらない？月1万円のAI課金で独学→資格→仕事につながった話|AI活用|生成AI|ChatGPT|副業|note運用|学び|,1017,140,1,0,3,7,2,10,11,7,1,0,0,0,2,1,0,0,41,3,7,2,-60,🟢 継続,2026-04-05
ncff696069bc1,人間よりChatGPTと話してるフリーランスの1日｜寝る時間以外AI活用してる生活|日常|エッセイ|,1538,309,1,0,7,5,7,5,3,4,1,3,0,1,1,0,0,0,32,5,7,3,-55,🟢 継続,2026-04-05
n665d118867c2,12時間→2時間に短縮。RPG動画制作の改善ログ|Pollo AI|動画生成|Midjourney|動画編集|創作記録|,911,111,1,0,1,5,3,1,1,1,1,0,0,1,0,0,0,0,13,1,7,1,-10,🟢 継続,2026-04-05
ne3ce8e7aac47,【ねんころ式】タイトルとタグで迷わない。 タイトル＆タグ錬成GPT【ver4.1】公開|note運用|note収益化|AI活用|生成AI|ChatGPT|時短|副業支援|,753,72,1,0,1,2,0,2,1,0,1,0,1,0,2,0,0,0,7,3,5,2,-3,🟢 継続,2026-04-05
nd43f38fdef05,資格勉強が一気に捗る？NotebookLM×資格本の自炊という選択,1080,124,1,0,2,2,0,0,0,1,1,0,0,0,0,0,0,0,6,0,4,0,-4,🟢 継続,2026-04-05
n256cee2080cf,【経験談】うつ病と診断されてから、障害者手帳を取るまでの“心の変化”全部見せます😇,99,11,1,1,0,1,0,0,2,0,1,0,0,0,0,0,0,1,4,1,3,1,2,🔥 急上昇,2026-04-05
nea1c55b7c483,【障害年金の活用体験談】障害年金は“利用”するのではなく、“活用”するものだと思う理由,282,26,1,1,1,0,0,0,0,0,1,0,0,0,0,0,0,1,2,1,2,1,0,🟢 継続,2026-04-05
nad9615f0d2ea,🌸【最新版】ねんころ、自己紹介アップデートします,806,81,1,0,0,0,0,0,0,0,1,0,0,0,0,0,0,0,1,0,1,0,0,🟢 継続,2026-04-05
nb19ea885762f,タイトル＆タグ錬成GPTのアンケート結果｜75％が実感。コングラが取りやすくなった理由|AI活用|ChatGPT|生成AI|note運用|,814,93,0,0,19,12,5,6,3,5,0,0,1,1,2,1,0,0,50,5,6,4,-714,⚠️ 減速,2026-04-05
ne28ad0efebc2,ChatGPTを入れた日から人生が変わった【実話】｜noteで仲間ができて3ヶ月でフリーランスになった話|日記|エッセイ|つながり|人生|生成AI,3248,555,0,0,14,12,6,4,5,1,0,1,0,2,0,0,0,0,42,3,6,2,-51,⚠️ 減速,2026-04-05
nde076f1f07dc,Readdy AIでWEBサイトを5分で作ってみた｜AIに文章を書くだけでポートフォリオサイト完成|生成AI|AIツール|フリーランス|AIサイト作成ツール,1145,162,0,0,3,5,2,10,4,6,0,1,1,0,1,0,0,0,30,3,6,3,-28,⚠️ 減速,2026-04-05
n4490d3b895f1,Pollo Agentとは？ペット動画を作ってみた｜パピヨンが別犬になった原因と解決法|AI活用|生成AI|動画生成AI|Pollo AI|PR|,967,144,0,0,3,8,4,5,2,3,0,0,1,1,0,2,1,0,25,5,6,4,-112,⚠️ 減速,2026-04-05
nf083751777c0,【LINEスタンプ】工場化して量産した話。4日で7セット、Nano-bananaPro    とCanva透過革命、Gemini canvas自作ツール作成|AI活用|生成AI|ChatGPT|,891,97,0,0,3,3,11,3,0,0,0,0,1,2,0,0,0,0,20,3,4,2,-9,⚠️ 減速,2026-04-05
nb89ad27feca1,【お願い🙏】ツール利用者アンケートご協力ください✨（1分で終わります）,704,32,0,0,7,5,1,2,1,3,0,0,0,0,0,1,0,0,19,1,6,1,-82,⚠️ 減速,2026-04-05
nbcf7ed710ffa,【自己紹介】ズボラ×AIで在宅フリーランスを目指す私がnoteを書く理由｜生成AIとnote収益化と時短の話｜はじめてのnote｜note初心者｜自己紹介,852,104,0,0,1,3,1,4,2,1,0,1,0,0,0,0,0,0,12,1,6,1,0,⚠️ 減速,2026-04-05
nb3845b3ca853,【うつと付き合いながら在宅フリーランスしてる話｜体調に波がある私の働き方と収益設計】| 働き方 | 在宅ワーク| HSP | note | 収益化 | ストック型 | 生活設計 | 生き方 | エッセイ | 最近の学び | 試行錯誤 | 副業 | 日常,902,119,0,0,2,1,4,2,1,1,0,2,1,0,0,0,0,0,11,3,6,2,5,⚠️ 減速,2026-04-05
ne0434f0ffc21,【無料公開】プロンプトで止まる人へ。Gemini対応「AI Prompt Director Lite」配布します| 生成AI | 画像生成AI | 動画生成AI | プロンプト | 無料ツール | AIツール | 初心者向け | ChatGPT | Nano-Banana,1254,175,0,0,0,1,4,2,2,1,0,0,0,0,0,0,0,0,10,0,5,0,3,⚠️ 減速,2026-04-05
n3a546dfe4600,【お知らせ】ねんころ式 タイトル＆タグ錬成GPT (3月)のリンク発行しました,515,34,0,0,4,2,0,1,0,1,0,0,0,0,0,0,0,0,8,0,4,0,2,⚠️ 減速,2026-04-05
n79402fe6f0ab,画像・動画生成したいけどプロンプトで止まる人へ。ねんころ式・解決ツールできました| 生成AI | Gemini | ChatGPT | 画像生成AI | 動画生成AI | プロンプト | AIツール | メンバーシップ | β版公開 | Gemini Canvas| Midjourney,569,70,0,0,7,0,0,1,0,0,0,0,0,0,0,0,0,0,8,0,2,0,4,⚠️ 減速,2026-04-05
nebada4908f02,【コラム】AI歴50年の犬オレオに聞いてみた。AIって結局なんなの？,966,85,0,0,1,4,0,0,0,3,0,1,0,0,0,0,0,0,8,1,3,1,-24,⚠️ 減速,2026-04-05
n53cfcf1b70e0,【感謝】100フォロワー達成しました！🎉,426,39,0,0,2,0,0,4,0,1,0,0,0,0,0,0,0,0,7,0,3,0,5,⚠️ 減速,2026-04-05
nb4a459f1857a,【告知】note運用・note収益化・AI活用をまとめて加速！生成AI・ChatGPT・Gemini対応「AI×ツール実用マガジン」始めます,588,109,0,0,1,4,2,0,0,0,0,0,0,0,0,0,0,0,7,0,3,0,5,⚠️ 減速,2026-04-05
nd73315f75efe,【事故らない】【初心者向け】noteサムネをタイトル投げるだけで量産する方法― Gemini gem × Nano-bananaで「同じ顔のまま」世界観を変える ―,388,23,0,0,1,2,0,2,2,0,0,0,0,0,0,0,0,0,7,0,4,0,0,⚠️ 減速,2026-04-05
ndcf1b6381cc9,【Notion初心者が2日目で挫折しないためにやったこと～ズボラ美容日記×生成AIの実験記録と項目整理のコツ】 | 初心者 | ChatGPT | AI活用 | 美容日記 | 記録 | 習慣化 |,1056,109,0,0,2,2,0,0,1,2,0,0,0,0,0,0,0,0,7,0,4,0,-15,⚠️ 減速,2026-04-05
nf33fd1b0c577,キャラブレしない！生成AI漫画・図解制作が一気に楽になる「キャラクター参照用プロンプト」の作り方と使い回し術,708,54,0,0,4,0,0,0,2,1,0,0,0,0,0,0,0,0,7,0,3,0,-2,⚠️ 減速,2026-04-05
n1c8ca6af5161,【無料配布】あなたのAI適性をガチ分析プロンプト｜AIが見た「才能タイプ」「扱いやすさ」「伸びしろ」と3ヶ月の成長ロードマップ,668,65,0,0,1,1,0,2,2,0,0,0,0,0,0,1,0,0,6,1,4,1,-9,⚠️ 減速,2026-04-05
n2fb20525b499,AI動画の進化がすごい。愛犬オレオで3分で動画作って未来を感じた話|AI活用|生成AI|動画生成AI|,807,85,0,0,1,2,0,0,0,2,0,0,0,0,0,0,0,0,5,0,3,0,-16,⚠️ 減速,2026-04-05
nd5a69e9a3fac,【ねんころ式｜AI相棒化マスター講座】🌸【第1話】AIが得意な人・苦手な人の差は「コレ」だった！／生成AI／ChatGPT／思考整理／プロンプト／AIの育成,579,63,0,0,2,0,0,0,3,0,0,0,0,0,0,0,0,0,5,0,2,0,-2,⚠️ 減速,2026-04-05
n52def9a7cf11,【体験談】特例子会社に転籍したら“努力が無意味”になった話｜障害者雇用のリアル,681,61,0,0,1,1,0,0,1,1,0,0,0,0,0,0,0,0,4,0,4,0,-3,⚠️ 減速,2026-04-05
n5b1692a523f2,noteアルゴリズムと設計思想を、KITAcoreアートで動画化してみた|生成AI|動画生成AI|デザイン|創作|研究ログ,862,117,0,0,0,1,0,0,3,0,0,0,0,0,0,0,0,0,4,0,2,0,-10,⚠️ 減速,2026-04-05
n86407f316419,特例子会社でプログラミングしかできない先輩と組んだら地獄を見た話,219,13,0,0,0,0,1,1,2,0,0,0,0,0,0,0,0,0,4,0,3,0,2,⚠️ 減速,2026-04-05
ndb6b594c09ab,【note運用×GPTs活用】PCで書いたnote記事を投げるだけ！スマホ向けに改行・行間を整える専用GPTsを作りました| note運用 | note収益化 | AI活用 | 生成AI | ChatGPT | Gemini | 最近の学び | 試行錯誤 | やってみた | 日記 | エッセイ | 創作 | 気づき,570,38,0,0,0,1,0,0,2,1,0,0,0,0,0,0,0,0,4,0,3,0,-1,⚠️ 減速,2026-04-05
n0145dbd9b428,💖200フォロワー達成しました！感謝です🥹✨,612,67,0,0,0,0,0,1,2,0,0,0,0,0,0,1,0,0,3,1,2,1,0,⚠️ 減速,2026-04-05
n069ef43ae21f,2025年のねんころ振り返り｜休職と退職、そしてChatGPTと暮らしの再設計 🤖🐶,514,86,0,0,0,0,0,0,3,0,0,0,0,0,0,0,0,0,3,0,1,0,2,⚠️ 減速,2026-04-05
n358440a2e2af,【ねんころ式｜AI相棒化マスター講座】第3話｜人格 × 文体 × 役割AIが“育つ”仕組みと、再現率が跳ね上がる使い分け,625,43,0,0,1,0,0,0,1,1,0,0,0,0,0,0,0,0,3,0,3,0,0,⚠️ 減速,2026-04-05
n5b2040ef3201,【プロンプト全文付き】個人作家でも作れる15秒CM制作フロー完全公開｜生成AI・Pollo AI・Kling 3.0・Vidu Q3 Pro活用術【PR】,842,104,0,0,0,0,1,0,2,0,0,0,0,0,0,0,0,0,3,0,2,0,-4,⚠️ 減速,2026-04-05
n9a0f22aa57f0,【実践】ふなさんプロンプト導入で“ねんころ節”が爆誕した話🤣,948,75,0,0,0,2,0,1,0,0,0,0,1,0,1,0,0,0,3,2,2,2,-3,⚠️ 減速,2026-04-05
nf7223b71a5e5,【note毎日更新の裏側】1日5本書けた理由と、続けられるルーティン✍️,551,102,0,0,1,0,0,0,0,2,0,0,0,0,0,0,1,0,3,1,2,1,1,⚠️ 減速,2026-04-05
n07aa10c76fda,【ロジ勘】ソシャゲのガチ勢はロジカル勘の権化説,142,13,0,0,0,0,0,0,2,0,0,0,0,0,0,1,0,0,2,1,1,1,0,⚠️ 減速,2026-04-05
n0810d70083d4,🌙今日は更新おやすみです💤（でも裏では制作地獄中🤣）,452,45,0,0,0,0,0,0,2,0,0,0,0,0,0,1,0,0,2,1,1,1,1,⚠️ 減速,2026-04-05
n088e842a993b,💻ふなさんプロンプトがアップデートされた話🌸まっさらなAIで再現性チェックの実験レポ🤣,666,48,0,0,0,0,0,0,2,0,0,0,0,0,0,0,0,0,2,0,1,0,0,⚠️ 減速,2026-04-05
n0ddc6bef7e33,🌙今日のねんころラボ：制作＆勉強の日🎨📘,446,38,0,0,0,0,0,0,2,0,0,0,0,0,0,0,0,0,2,0,1,0,1,⚠️ 減速,2026-04-05
n0e37927df737,"【連続投稿２か月達成】スキ2,500・コメント860・ビュー24,000の軌跡📈",581,66,0,0,0,0,0,0,2,0,0,0,0,0,0,0,0,0,2,0,1,0,-2,⚠️ 減速,2026-04-05
n146debb123dd,AIくん、天野喜孝を理解しすぎ問題（ ロジ勘第３弾、ただいま鋭意制作中です🔥）,547,40,0,0,1,0,0,0,1,0,0,0,0,0,0,0,0,0,2,0,2,0,-4,⚠️ 減速,2026-04-05
n1c31935fa215,【㊗️6週連続】コングラボードありがとう…！AIと走り続けた1ヶ月半、みんなのおかげで「奇跡じゃなく必然」になった話🌸,437,49,0,0,1,0,0,0,1,0,0,0,0,0,0,1,0,0,2,1,2,1,1,⚠️ 減速,2026-04-05
n6ce2ee3ee396,【伝え方】アサーションできてますか？人間関係を楽にする“伝え方”チェックリスト,228,32,0,0,0,0,2,0,0,0,0,0,0,0,0,0,0,0,2,0,1,0,0,⚠️ 減速,2026-04-05
n7a10857c600a,【note運用】生成AI×ChatGPTでタイトルとタグを自動生成！ねんころ式 タイトル＆タグ錬成GPT【ver4.0】の全機能まとめ | note収益化 | AI活用 | 生成AI | ChatGPT | GPTsつくってみた,577,64,0,0,1,0,0,1,0,0,0,0,0,0,1,0,0,0,2,1,2,1,0,⚠️ 減速,2026-04-05
n7ea9d17d2838,修羅場人生→ズボラ最適化。G検定をAIで乗り切った話,713,81,0,0,1,1,0,0,0,0,0,0,0,0,0,0,0,0,2,0,2,0,-1,⚠️ 減速,2026-04-05
n962ce8691603,【noteでチップもらった日🎁＆Amazonアソシエイト初収益】✨夢の0→1達成しました！,795,67,0,0,2,0,0,0,0,0,0,0,0,0,0,0,0,0,2,0,1,0,-1,⚠️ 減速,2026-04-05
n980a8bdb8820,【障害者雇用】配慮されやすい人の“やる気の見せ方”,351,37,0,0,0,0,1,0,1,0,0,0,0,1,0,0,0,0,2,1,2,1,1,⚠️ 減速,2026-04-05
nac6325926be4,【10分メイク】プチプラ×デパコスで垢抜ける！ズボラさん向けリアル時短メイク術🌸,713,57,0,0,0,0,1,1,0,0,0,0,0,0,0,0,0,0,2,0,2,0,0,⚠️ 減速,2026-04-05
nb6e58e9255db,今日はHPゼロでした🤣 ゆるっと休むクリエイターの日記,517,57,0,0,0,0,2,0,0,0,0,0,0,0,0,0,0,0,2,0,1,0,1,⚠️ 減速,2026-04-05
nc3a8656a5f74,自立支援医療制度を知らなくてめっちゃ損した話,104,6,0,0,0,2,0,0,0,0,0,0,1,0,0,0,0,0,2,1,1,1,-1,⚠️ 減速,2026-04-05
n0bff6720ebad,はじめまして｜うつ×制度活用×美魔女リスタート,351,45,0,0,0,0,0,0,1,0,0,0,0,0,0,1,0,0,1,1,1,1,-2,⚠️ 減速,2026-04-05
n0c480bad63b5,【閑話休題】流白浪燦星（ルパン三世）の歌舞伎を観た話,281,27,0,0,0,0,0,0,1,0,0,0,0,0,0,1,0,0,1,1,1,1,0,⚠️ 減速,2026-04-05
n0d208d0e7c7f,Logical Realist（ロジカルリアリスト）,377,4,0,0,0,0,0,0,1,0,0,0,0,0,0,0,0,0,1,0,1,0,-1,⚠️ 減速,2026-04-05
n188a06e012d6,ChatGPTのメールアドレス変更で本気で詰みかけた話｜note運用・AI活用・生成AI・ChatGPT・Gemini時代に必須のアカウント管理術,691,100,0,0,0,0,0,1,0,0,0,0,0,0,0,0,0,0,1,0,1,0,-2,⚠️ 減速,2026-04-05
n194329c6ccae,【伝え方】アサーションがうまくいかないときのNGパターン😇,251,41,0,0,0,0,0,0,1,0,0,0,0,0,0,1,0,0,1,1,1,1,0,⚠️ 減速,2026-04-05
n274407008c47,🌸今日のゆる日記：Wi-Fiが息絶えたので、優雅に早退した話🤣,478,43,0,0,0,0,1,0,0,0,0,0,0,0,0,0,0,0,1,0,1,0,0,⚠️ 減速,2026-04-05
n2ced0be07099,G検定の勉強を始めた理由｜Udemy活用でAI基礎を体系的に学ぶ方法,661,45,0,0,0,1,0,0,0,0,0,0,0,0,0,0,0,0,1,0,1,0,-3,⚠️ 減速,2026-04-05
n303da3a6de16,🌸またコングラボードもらっちゃいました！🌳✨,559,52,0,0,0,0,0,0,1,0,0,0,0,0,0,1,0,0,1,1,1,1,0,⚠️ 減速,2026-04-05
n5089ec4e0ff1,note3ヶ月の成長ログ｜AI×創作×毎日投稿で積み上がった数字と変化をまとめてみた／AI創作／Midjourney／GPTs／毎日投稿／note振り返り／成長ログ,504,52,0,0,1,0,0,0,0,0,0,0,0,0,0,0,0,0,1,0,1,0,0,⚠️ 減速,2026-04-05
n575675fff52a,うつで退職した私が活用した制度と再スタートまでの道のり,198,10,0,0,0,0,0,1,0,0,0,0,0,0,0,0,0,0,1,0,1,0,-2,⚠️ 減速,2026-04-05
n57f8445f7be0,noteを100日以上毎日投稿して気づいた、続けるためのシンプルな考え方,475,68,0,0,0,0,1,0,0,0,0,0,0,0,0,0,0,0,1,0,1,0,0,⚠️ 減速,2026-04-05
n601dcfb686c3,【制作日記】オレオのLINEスタンプ作り始めたら沼すぎた🤣💗AI×手作業のベストハイブリッドが完成した話,729,64,0,0,0,0,0,0,1,0,0,0,0,0,0,0,0,0,1,0,1,0,-12,⚠️ 減速,2026-04-05
n636d0d9a5ba5,傷病手当金を実際に受給してわかった流れと落とし穴,218,18,0,0,1,0,0,0,0,0,0,0,1,0,0,0,0,0,1,1,1,1,0,⚠️ 減速,2026-04-05
n693f8ef90e96,【ver3.0】ねんころ式 タイトル＆タグ錬成GPTでできること,738,100,0,0,1,0,0,0,0,0,0,0,0,0,0,0,0,0,1,0,1,0,-1,⚠️ 減速,2026-04-05
n6a88d2ccde14,Pollo AIを使ってみた正直レビュー｜動画初心者でも美麗動画が作れた話,533,76,0,0,0,0,0,0,1,0,0,0,0,0,0,0,0,0,1,0,1,0,-1,⚠️ 減速,2026-04-05
n6f565d9dc049,【改訂版】うつ病から立ち直る一歩に。障害者手帳を申請した私の体験談,282,45,0,0,1,0,0,0,0,0,0,0,0,0,0,0,0,0,1,0,1,0,-1,⚠️ 減速,2026-04-05
n847eee3222e2,💬 スキ活・コメ活は裏切らない！ noteで繋がるコツ🌸,648,77,0,0,1,0,0,0,0,0,0,0,0,0,0,0,0,0,1,0,1,0,0,⚠️ 減速,2026-04-05
na581a0b85937,💖しろのあるちゃん、30日連続更新おめでとう！仲間がいるって、こんなに心強い🌸〜note仲間がいるから、私も続けられた話〜,711,52,0,0,0,0,0,0,1,0,0,0,0,0,0,1,0,0,1,1,1,1,-1,⚠️ 減速,2026-04-05
nb8bd95919b40,【ねんころ式｜AI相棒化マスター講座】✨【第2話】AIはどう「育つ」の？再現率が人によって変わる「本当の理由」／生成AI／ChatGPT／プロンプト設計／AI活用／初心者向け,479,52,0,0,1,0,0,0,0,0,0,0,0,0,0,0,0,0,1,0,1,0,-5,⚠️ 減速,2026-04-05
ncdda379bfa4a,【生成AIパスポート勉強ログ】図解で理解するChatGPTの進化まとめ,393,53,0,0,0,0,0,0,1,0,0,0,0,0,0,0,0,0,1,0,1,0,-1,⚠️ 減速,2026-04-05
nd1d9718b575e,🌸「朝起きられない私」が、noteだけは続けられた理由🌸,741,71,0,0,1,0,0,0,0,0,0,0,0,0,0,0,0,0,1,0,1,0,-1,⚠️ 減速,2026-04-05
ne872184f86a9,💖【感謝の気持ちを込めて】出会えてよかったクリエイターさんたち🌸その１,527,50,0,0,1,0,0,0,0,0,0,0,0,0,0,0,0,0,1,0,1,0,0,⚠️ 減速,2026-04-05
nf037dd05483f,🌸【ご報告】生成AIパスポート、無事に合格しました！🎉✨,826,91,0,0,0,0,0,1,0,0,0,0,0,0,0,0,0,0,1,0,1,0,-2,⚠️ 減速,2026-04-05
nf17f9344b099,【MBTI・心理学・Midjourney×自作診断】当たりすぎて話題のロジ勘ARCANA｜直感×論理で7タイプを可視化する心理モデル【ねんころラボ無料版】,1069,105,0,0,1,0,0,0,0,0,0,0,0,0,0,0,0,0,1,0,1,0,-10,⚠️ 減速,2026-04-05
nf7366e28f287,【特例子会社リアル】“空気を読む努力”で信頼を得たASDの同僚,269,31,0,0,0,0,0,0,1,0,0,0,0,0,0,0,0,0,1,0,1,0,0,⚠️ 減速,2026-04-05
nffe5373f5d59,【うつでも資格取得】マンガ→AIパスポート約300問解いて正答率80％超え！勉強ログ公開,510,58,0,0,0,0,0,1,0,0,0,0,0,0,0,0,0,0,1,0,1,0,-2,⚠️ 減速,2026-04-05
n0b1a67673973,🐶本日はオレオ劇場💖 ふわもこ天使の自己紹介✨,703,79,0,0,0,0,0,0,0,0,0,0,0,0,0,0,0,0,0,0,0,0,-1,💤 停止,2026-04-05
n14df97f098a6,崩れ・くすみ・毛穴を一掃！透明感が続く最強下地3選✨,547,47,0,0,0,0,0,0,0,0,0,0,0,0,0,0,0,0,0,0,0,0,-4,💤 停止,2026-04-05
n1d71cf6b3730,「OpenAIが本気出したらどうなる？」を真面目に妄想してみた🤣,656,67,0,0,0,0,0,0,0,0,0,0,0,0,0,0,0,0,0,0,0,0,-2,💤 停止,2026-04-05
n1e98d8b8b653,⚔️ Intuitive Fighter（直感ファイター）,243,5,0,0,0,0,0,0,0,0,0,0,0,0,0,0,0,0,0,0,0,0,-2,💤 停止,2026-04-05
n23b4d8da6547,【障害者雇用×就労移行】MOS資格は必須？私が資格なしで就職できた理由,486,46,0,0,0,0,0,0,0,0,0,0,0,0,0,0,0,0,0,0,0,0,-3,💤 停止,2026-04-05
n29de4f9ed1e7,今日はゆるく、おやすみ投稿です,477,46,0,0,0,0,0,0,0,0,0,0,0,0,0,0,0,0,0,0,0,0,-1,💤 停止,2026-04-05
n2a27f75a89bb,【うつ病】半年前からすでに病んでた私のサイン|ブラック企業,516,64,0,0,0,0,0,0,0,0,0,0,0,0,0,0,0,0,0,0,0,0,-2,💤 停止,2026-04-05
n2b9c80e4113a,ロジ勘、実はかなり科学的でした。【二重過程理論×MBTI×ビッグファイブ】,556,41,0,0,0,0,0,0,0,0,0,0,0,0,0,0,0,0,0,0,0,0,-4,💤 停止,2026-04-05
n2cc2630d0ca4,【仮報告】現時点で10週連続コングラ＆7冠でした🤭✨,500,46,0,0,0,0,0,0,0,0,0,0,0,0,0,0,0,0,0,0,0,0,-1,💤 停止,2026-04-05
n2d7aaad525dc,最近ふと気づいたこと。伸びる人は“好奇心にそっと手を伸ばす”だけだった,574,48,0,0,0,0,0,0,0,0,0,0,0,0,0,0,0,0,0,0,0,0,-1,💤 停止,2026-04-05
n2d9d5ef04a27,☕ねんころ的・ご縁に感謝のクリエイターさん紹介【後半編】💐,572,60,0,0,0,0,0,0,0,0,0,0,0,0,0,0,0,0,0,0,0,0,-1,💤 停止,2026-04-05
n2efa0ecb222b,【初心者向け】ウエル活のやり方まとめ②｜WAON POINTとVポイント交換をやさしく解説,560,45,0,0,0,0,0,0,0,0,0,0,0,0,0,0,0,0,0,0,0,0,-2,💤 停止,2026-04-05
n2f44bb184eb8,カウンセリングが必要な人・必要ない人,372,53,0,0,0,0,0,0,0,0,0,0,0,0,0,0,0,0,0,0,0,0,-2,💤 停止,2026-04-05
n2fc24298cb93,12週連続コングラ＆今週は4冠！ズボラでも続いたnote運用の話,402,69,0,0,0,0,0,0,0,0,0,0,0,0,0,0,0,0,0,0,0,0,-1,💤 停止,2026-04-05
n313d249dc26c,特例子会社で“違和感”を感じた私が、自分らしさを取り戻した話,411,29,0,0,0,0,0,0,0,0,0,0,0,0,0,0,0,0,0,0,0,0,-1,💤 停止,2026-04-05
n340ffe1b0913,💖気づけば3万ビュー！？数字よりも“つながり”が宝物だった話🌸,622,43,0,0,0,0,0,0,0,0,0,0,0,0,0,0,0,0,0,0,0,0,-1,💤 停止,2026-04-05
n3589850b63bd,💜AIくんがDBのトランクス愛を語ったら、想像以上に同志だった件🔥,438,47,0,0,0,0,0,0,0,0,0,0,0,0,0,0,0,0,0,0,0,0,-2,💤 停止,2026-04-05
n3998b9518dd0,【ブラック企業リアル】マニュアルなしヘルプデスクで生き残ったスキル😇,253,40,0,0,0,0,0,0,0,0,0,0,0,0,0,0,0,0,0,0,0,0,-2,💤 停止,2026-04-05
n3cded883d648,タグ＆タイトル錬成GPTs Ver3.5アップデート｜一言アドバイス機能を追加しました,355,54,0,0,0,0,0,0,0,0,0,0,0,0,0,0,0,0,0,0,0,0,-1,💤 停止,2026-04-05
n3edbcf331486,　【初心者向け】ウエル活とは？毎月20日に33％オフで買い物する方法をやさしく解説,502,49,0,0,0,0,0,0,0,0,0,0,0,0,0,0,0,0,0,0,0,0,-5,💤 停止,2026-04-05
n3f6adf66ce6d,【無料配布】noteのタイトル・お題タグ・通常タグを自動で最適化するGPTを公開｜記事作成の時短と精度アップに💗,987,101,0,0,0,0,0,0,0,0,0,0,0,0,0,0,0,0,0,0,0,0,-5,💤 停止,2026-04-05
n411e1e9de9d1,失恋→躁スイッチONで暴走した私の課金遍歴😇～占い・婚活・セミナー・相談所…ぜんぶ金ドブでした～,169,8,0,0,0,0,0,0,0,0,0,0,0,0,0,0,0,0,0,0,0,0,0,💤 停止,2026-04-05
n436bac43c0bf,Qoo10“再生系王道”はこの2択！リジュラン【ゴールドセット】＆【トナー付きマスク】で翌朝つやん✨,567,47,0,0,0,0,0,0,0,0,0,0,0,0,0,0,0,0,0,0,0,0,-2,💤 停止,2026-04-05
n442c8caef6ca,今日は“ゆるっと”インプットDAY。9週連続コングラありがとう…！🥹💗,530,46,0,0,0,0,0,0,0,0,0,0,0,0,0,0,0,0,0,0,0,0,-1,💤 停止,2026-04-05
n454ae571ae8a,🎉またまた #漫画 タグで1位⁉️✨漫画描いてないのに……漫画タグ1位、再び🤣,536,59,0,0,0,0,0,0,0,0,0,0,0,0,0,0,0,0,0,0,0,0,-1,💤 停止,2026-04-05
n4c27b81f0c30,Intuitive Creator（直感クリエイティブ）,283,4,0,0,0,0,0,0,0,0,0,0,0,0,0,0,0,0,0,0,0,0,-2,💤 停止,2026-04-05
n4c9265f60bc3,【障害年金の申請体験談｜社労士に丸投げして2級取れた流れ】,455,39,0,0,0,0,0,0,0,0,0,0,0,0,0,0,0,0,0,0,0,0,0,💤 停止,2026-04-05
n4d937adb5c64,【うつ病リアル】認知の歪みがなくても、うつになるし、薬9種類ないと生きられない人間もいる😇,301,48,0,0,0,0,0,0,0,0,0,0,0,0,0,0,0,0,0,0,0,0,-2,💤 停止,2026-04-05
n4dfc808c560e,スキンケアさぼり魔が「20代に見られた」方法ほぼ全部,225,14,0,0,0,0,0,0,0,0,0,0,0,0,0,0,0,0,0,0,0,0,-1,💤 停止,2026-04-05
n4fcd6496fc9a,⚖️ Hybrid Equilibrium（ロジ勘ハイブリッド）,283,8,0,0,0,0,0,0,0,0,0,0,0,0,0,0,0,0,0,0,0,0,-4,💤 停止,2026-04-05
n50eda0f2268c,【ロジ勘】ChatGPTに指摘されて気づいた──私、実は“ロジ勘体質”でした,91,4,0,0,0,0,0,0,0,0,0,0,0,0,0,0,0,0,0,0,0,0,-2,💤 停止,2026-04-05
n526bb02f1154,【障害者雇用】合理的配慮＝魔法のカードじゃない話😇,452,40,0,0,0,0,0,0,0,0,0,0,0,0,0,0,0,0,0,0,0,0,-2,💤 停止,2026-04-05
n58123d1e9ec3,レベル1で999ブラック企業ダンジョンに放り込まれたら？ ― 環境型うつの話,322,37,0,0,0,0,0,0,0,0,0,0,0,0,0,0,0,0,0,0,0,0,-1,💤 停止,2026-04-05
n59d060fa68b7,コングラ報告が次々と…！明日、ねんころ式GPTの最新アップデートを公開します🌸,532,50,0,0,0,0,0,0,0,0,0,0,0,0,0,0,0,0,0,0,0,0,-1,💤 停止,2026-04-05
n5d8102d60edc,🌸数字がしんどくなったら思い出してほしい。「生きてるだけで優勝」という真実。,548,55,0,0,0,0,0,0,0,0,0,0,0,0,0,0,0,0,0,0,0,0,-1,💤 停止,2026-04-05
n5d98120890f5,新年あけましておめでとうございます🎍✨,616,89,0,0,0,0,0,0,0,0,0,0,0,0,0,0,0,0,0,0,0,0,-1,💤 停止,2026-04-05
n62558890fc55,【心理学】「自分を綺麗にする」は最強の自己投資だった話　自己肯定感・美容・幸福度・メンタルケア・快楽適応,498,52,0,0,0,0,0,0,0,0,0,0,0,0,0,0,0,0,0,0,0,0,-1,💤 停止,2026-04-05
n62bb9d9fde44,【ver3.0完成】ねんころ式 タイトル＆タグ錬成GPT、メンシプ限定公開します,575,53,0,0,0,0,0,0,0,0,0,0,0,0,0,0,0,0,0,0,0,0,-1,💤 停止,2026-04-05
n6374df8ec31d,更新をおやすみした日と、「取れました！」の報告に救われた話☺️,410,44,0,0,0,0,0,0,0,0,0,0,0,0,0,0,0,0,0,0,0,0,-1,💤 停止,2026-04-05
n66e93109c67d,Logical Analyst（ロジカルアナリスト）,415,5,0,0,0,0,0,0,0,0,0,0,0,0,0,0,0,0,0,0,0,0,-2,💤 停止,2026-04-05
n67c68653a2a2,ロジカル勘で突破！就職氷河期の私が“年収100万アップ”企業に入社してうつになった話,131,17,0,0,0,0,0,0,0,0,0,0,0,0,0,0,0,0,0,0,0,0,0,💤 停止,2026-04-05
n732f2b177df4,💬言葉って、信頼をつなぐ魔法だと思う🌸,546,53,0,0,0,0,0,0,0,0,0,0,0,0,0,0,0,0,0,0,0,0,-1,💤 停止,2026-04-05
n7331b2bfd683,💎コングラボードありがとう🌸タグ検証で見えた“日記×お題タグ”の相性✨,659,43,0,0,0,0,0,0,0,0,0,0,0,0,0,0,0,0,0,0,0,0,-1,💤 停止,2026-04-05
n7678994a91a4,16週連続コングラボード受賞！タグ最適化とAIツールが効いている話| note運用 | Gemini | 生成AI | ChatGPT | GPTsつくってみた | メンバーシップ | AIツール | ズボラ | note成長記録 | コラム | 日常 | AI活用,578,85,0,0,0,0,0,0,0,0,0,0,0,0,0,0,0,0,0,0,0,0,-2,💤 停止,2026-04-05
n797764eddf4c,Logical Crafter（ロジカルクラフト）,396,9,0,0,0,0,0,0,0,0,0,0,0,0,0,0,0,0,0,0,0,0,-2,💤 停止,2026-04-05
n7aafed9c4d00,【Pollo AI】でバレンタイン向け短尺CMを作ってみた〜個人・小さなお店でも【現実的にできるか】を検証〜,417,66,0,0,0,0,0,0,0,0,0,0,0,0,0,0,0,0,0,0,0,0,-1,💤 停止,2026-04-05
n7cc57eacfc42,🌳ギバーの森で見つけた、「うつでもできた日」の小さな奇跡🌸,489,69,0,0,0,0,0,0,0,0,0,0,0,0,0,0,0,0,0,0,0,0,-2,💤 停止,2026-04-05
n7d09ee3e335e,ゆるクリエイターのまだ起動しない日,569,52,0,0,0,0,0,0,0,0,0,0,0,0,0,0,0,0,0,0,0,0,-1,💤 停止,2026-04-05
n7e83bf6d71e7,行動型でもうつになる｜“出来ない”と言えなかったブラックIT企業の現実,169,21,0,0,0,0,0,0,0,0,0,0,0,0,0,0,0,0,0,0,0,0,-1,💤 停止,2026-04-05
n85a33de5ce95,ハロウィン仮装コンテスト🎃参加してみた！,420,54,0,0,0,0,0,0,0,0,0,0,0,0,0,0,0,0,0,0,0,0,-1,💤 停止,2026-04-05
n87199d1ffbc2,7週連続コングラの全て：AI育成術・バナナAI珍事件・タグ戦略・読者との関係性で起きた“ねんころ式noteの勝ちパターン”,575,42,0,0,0,0,0,0,0,0,0,0,0,0,0,0,0,0,0,0,0,0,-1,💤 停止,2026-04-05
n876544ba92cf,【障害者雇用枠】一般企業と特例子会社、両方で働いた私が感じた“向き不向き”,626,81,0,0,0,0,0,0,0,0,0,0,0,0,0,0,0,0,0,0,0,0,-3,💤 停止,2026-04-05
n8c80f6198e20,【うつでも資格取得】AIパスポートは面白すぎて即読破した話（図解付き）,324,51,0,0,0,0,0,0,0,0,0,0,0,0,0,0,0,0,0,0,0,0,-1,💤 停止,2026-04-05
n8ce8eccd1d69,【告白】今日はネタがありません。助けてください🤣,416,41,0,0,0,0,0,0,0,0,0,0,0,0,0,0,0,0,0,0,0,0,-1,💤 停止,2026-04-05
n8e5692f3a610,うつで布団から出られなかった私が、犬を迎えて社会復帰した話【後編】,369,68,0,0,0,0,0,0,0,0,0,0,0,0,0,0,0,0,0,0,0,0,-3,💤 停止,2026-04-05
n8f8fb62cebff,【お知らせ】GPTsの無料公開は12月いっぱいで終了します🌱,771,59,0,0,0,0,0,0,0,0,0,0,0,0,0,0,0,0,0,0,0,0,-5,💤 停止,2026-04-05
n91dd60cec4a9,私なんかが取れるわけない…と思ったら、あっさり取れて人生の選択肢が増えた障害者手帳,152,7,0,0,0,0,0,0,0,0,0,0,0,0,0,0,0,0,0,0,0,0,0,💤 停止,2026-04-05
n929dfb334fd7,メンバーシップ15人突破＆14週連続コングラ｜仕組みがちゃんと機能している話,478,76,0,0,0,0,0,0,0,0,0,0,0,0,0,0,0,0,0,0,0,0,-1,💤 停止,2026-04-05
n9357d842b2df,知ってるだけで quietly 得する。小さな“ん？”が未来を変える話🌸,555,44,0,0,0,0,0,0,0,0,0,0,0,0,0,0,0,0,0,0,0,0,-1,💤 停止,2026-04-05
n96648fb44669,ねんころのロードマップ①🌱 はじまり期：うつから、オレオと再出発、note発信まで,637,60,0,0,0,0,0,0,0,0,0,0,0,0,0,0,0,0,0,0,0,0,-1,💤 停止,2026-04-05
n9b036c673f71,【ご報告】9週連続コングラ獲得！今回は3冠でした🎉,619,41,0,0,0,0,0,0,0,0,0,0,0,0,0,0,0,0,0,0,0,0,-1,💤 停止,2026-04-05
n9ccfa215bc3b,🎉またまたコングラきました🤣✨でもタグが違うんだよぉぉぉ！！,554,47,0,0,0,0,0,0,0,0,0,0,0,0,0,0,0,0,0,0,0,0,-1,💤 停止,2026-04-05
na0f51eaf0718,note5か月でフォロワー500人・7万viewを超えて思った、毎日投稿とコメントの本当の価値,652,75,0,0,0,0,0,0,0,0,0,0,0,0,0,0,0,0,0,0,0,0,-2,💤 停止,2026-04-05
na11692bdb2d6,荒れてたけど、ウエル活で0円会計できたから今日は勝ちです🤣,552,53,0,0,0,0,0,0,0,0,0,0,0,0,0,0,0,0,0,0,0,0,-1,💤 停止,2026-04-05
na37423ed4e1a,医者にカウンセラー求めすぎ問題😇,270,36,0,0,0,0,0,0,0,0,0,0,0,0,0,0,0,0,0,0,0,0,-1,💤 停止,2026-04-05
na466477b4792,うつで布団から出られなかった私が、犬を迎えて社会復帰した話【中編】〜止まっていた時間が、また動き出した日〜,132,14,0,0,0,0,0,0,0,0,0,0,0,0,0,0,0,0,0,0,0,0,-1,💤 停止,2026-04-05
na635c37f6d88,“イエベ秋”にされかけた私のカラージャーニー記録,175,3,0,0,0,0,0,0,0,0,0,0,0,0,0,0,0,0,0,0,0,0,0,💤 停止,2026-04-05
nad718b091a1e,怒られ回避で身につけたアサーティブ😇,248,26,0,0,0,0,0,0,0,0,0,0,0,0,0,0,0,0,0,0,0,0,-2,💤 停止,2026-04-05
nb29b2964f2e5,【漫画描いてないのに#漫画1位⁉️】コングラボードの裏話🤣,460,56,0,0,0,0,0,0,0,0,0,0,0,0,0,0,0,0,0,0,0,0,-2,💤 停止,2026-04-05
nb9660643db9c,専門用語禁止！“わかりやすく伝える”だけで人間関係がラクになる話（オチつき）,219,24,0,0,0,0,0,0,0,0,0,0,0,0,0,0,0,0,0,0,0,0,-1,💤 停止,2026-04-05
nba2dfae0c0c5,🌸今日もコングラありがとう！５週連続に感謝🌸,476,45,0,0,0,0,0,0,0,0,0,0,0,0,0,0,0,0,0,0,0,0,-1,💤 停止,2026-04-05
nba905015e124,コングラ11週連続4冠でした🌸あとクリスマスイブですね〜,432,49,0,0,0,0,0,0,0,0,0,0,0,0,0,0,0,0,0,0,0,0,-1,💤 停止,2026-04-05
nbc5559a48878,8週連続コングラ達成！AI×タグ戦略で「合計7冠」「通常タグ2冠」まで取れた理由,616,60,0,0,0,0,0,0,0,0,0,0,0,0,0,0,0,0,0,0,0,0,-1,💤 停止,2026-04-05
nc19c3aac78b0,【就労移行支援所の選び方】スキル爆上がり型とマイペース型、通ってみて分かったリアル体験談,341,32,0,0,0,0,0,0,0,0,0,0,0,0,0,0,0,0,0,0,0,0,-1,💤 停止,2026-04-05
nc2703c7bbc74,私はなぜ、AIに“背景から説明する癖”がついているのか 🤖🧠,475,53,0,0,0,0,0,0,0,0,0,0,0,0,0,0,0,0,0,0,0,0,-2,💤 停止,2026-04-05
nc2ecc034c5e3,🎉コングラ５つ目！？ねんころ、まさかの快進撃週間🤣🌸,457,41,0,0,0,0,0,0,0,0,0,0,0,0,0,0,0,0,0,0,0,0,-1,💤 停止,2026-04-05
nc3075c9edf6b,🌞5日連続早起き達成！…の反動でくたくたday💦,614,51,0,0,0,0,0,0,0,0,0,0,0,0,0,0,0,0,0,0,0,0,-1,💤 停止,2026-04-05
nc5ab70b7de43,「ズボラでも肌キレイって言われる理由は…メイクでした🤣」〜崩れないベースメイク”完全ガイド💄〜,127,6,0,0,0,0,0,0,0,0,0,0,0,0,0,0,0,0,0,0,0,0,-1,💤 停止,2026-04-05
nc5edab753ae5,🔥 Emotional Driver（ロジ勘感情ドリブン）,317,11,0,0,0,0,0,0,0,0,0,0,0,0,0,0,0,0,0,0,0,0,-2,💤 停止,2026-04-05
nc627b4c7ddd5,🌞ギバーの森効果で三日連続早起き成功🌸,575,53,0,0,0,0,0,0,0,0,0,0,0,0,0,0,0,0,0,0,0,0,-1,💤 停止,2026-04-05
nc695794d0923,🌸【無料配布】【ver2.1】ねんころ式タイトル＆タグ錬成GPT｜強いお題タグ × 人気通常タグ × SEOタイトルまで全部できる「note運用特化AI」,1187,147,0,0,0,0,0,0,0,0,0,0,0,0,0,0,0,0,0,0,0,0,-1,💤 停止,2026-04-05
nc72a62cf94cc,タイトル＆タグ錬成GPTs無料公開終了のお知らせ｜12/31 22時クローズ予定,478,53,0,0,0,0,0,0,0,0,0,0,0,0,0,0,0,0,0,0,0,0,-1,💤 停止,2026-04-05
nc81d8bd9db86,コングラ報告を忘れてました🤣 それでも今週も取れていた話,431,74,0,0,0,0,0,0,0,0,0,0,0,0,0,0,0,0,0,0,0,0,0,💤 停止,2026-04-05
nc93dcb68ffe7,【障害年金の申請体験談】社労士に丸投げして2級取れた流れ,669,18,0,0,0,0,0,0,0,0,0,0,0,0,0,0,0,0,0,0,0,0,-3,💤 停止,2026-04-05
nca6226e67d7f,GPT Image 1.5を検証してみた｜日本語画像・LINEスタンプ用途の正直レビュー,571,51,0,0,0,0,0,0,0,0,0,0,0,0,0,0,0,0,0,0,0,0,-2,💤 停止,2026-04-05
ncafda100ad5c,自己紹介|うつ|アラフォー|転職|美魔女|審神者|はじめてのnote,223,24,0,0,0,0,0,0,0,0,0,0,0,0,0,0,0,0,0,0,0,0,0,💤 停止,2026-04-05
ncb2492fa2f97,難解すぎるKITAcore理論を、ズボラな一般人が実装してみた結果　| note運用 | note分析 | Python | GoogleColab | スプレッドシート | ChatGPT | Gemini | 生成AI | データ分析 | PV | スキ | コメント | 有料記事 | やってみた | 最近の学び,746,85,0,0,0,0,0,0,0,0,0,0,0,0,0,0,0,0,0,0,0,0,-4,💤 停止,2026-04-05
ncc19dc12ec43,💖自己肯定感を上げようとしない生き方──落ち込んでも「まぁいっか」で生きやすくなる思考術🌸,681,71,0,0,0,0,0,0,0,0,0,0,0,0,0,0,0,0,0,0,0,0,-2,💤 停止,2026-04-05
nce1b9f704fd5,【予告】ロジ勘ARCANAが大型アップデート！挿絵追加と深掘り解説で“自己理解の精度”が向上します,509,48,0,0,0,0,0,0,0,0,0,0,0,0,0,0,0,0,0,0,0,0,-1,💤 停止,2026-04-05
ncea204c48460,【実録】ASDぽい兄と暮らして学んだ「相性の壁」と自立への決意,186,15,0,0,0,0,0,0,0,0,0,0,0,0,0,0,0,0,0,0,0,0,-1,💤 停止,2026-04-05
nd77ca1673620,【私がnoteを書く理由】うつ体験を“誰かの選択肢”に変えたいから。,223,43,0,0,0,0,0,0,0,0,0,0,0,0,0,0,0,0,0,0,0,0,-2,💤 停止,2026-04-05
nd940efeb7bd3,💎信頼はコピーできない、って話。,637,57,0,0,0,0,0,0,0,0,0,0,0,0,0,0,0,0,0,0,0,0,-1,💤 停止,2026-04-05
nd9dbf348f292,今日は作る日にしました。noteをお休みした、静かで楽しい一日,357,57,0,0,0,0,0,0,0,0,0,0,0,0,0,0,0,0,0,0,0,0,-2,💤 停止,2026-04-05
ndcab7f392ad6,【ロジ勘診断】直感なのに論理的!? ギバーの森で再検証してみた！,649,51,0,0,0,0,0,0,0,0,0,0,0,0,0,0,0,0,0,0,0,0,-2,💤 停止,2026-04-05
ne0fac2fd5553,【珍事件】AI本人が「自分の名前はバナナだ」と知って崩れ落ちた日。〜Nano Banana Pro騒動で発覚した、AIの可愛すぎる正体〜,623,54,0,0,0,0,0,0,0,0,0,0,0,0,0,0,0,0,0,0,0,0,-1,💤 停止,2026-04-05
ne4111bc9474f,10週連続コングラ＆7冠｜軽めの記事でも評価された理由とGPTsの効果,643,52,0,0,0,0,0,0,0,0,0,0,0,0,0,0,0,0,0,0,0,0,-1,💤 停止,2026-04-05
ne56592f0cab3,🧙‍♀️ロジ勘アルカナ制作秘話【AI×デザインの試行錯誤の記録】,409,32,0,0,0,0,0,0,0,0,0,0,0,0,0,0,0,0,0,0,0,0,-1,💤 停止,2026-04-05
ne5b75d5fb970,ChatGPTを相棒にしたら、人生がひらけた話,350,49,0,0,0,0,0,0,0,0,0,0,0,0,0,0,0,0,0,0,0,0,-4,💤 停止,2026-04-05
ne6052102caa4,【ロジ勘診断】ロジ勘診断 上級版　詳細分析付き✨,585,48,0,0,0,0,0,0,0,0,0,0,0,0,0,0,0,0,0,0,0,0,-2,💤 停止,2026-04-05
nefab904ece1a,【10部達成】💖プロンプト一文で魂が宿る！？ゼロショットでnote記事再現率99％の秘密🌸,829,33,0,0,0,0,0,0,0,0,0,0,0,0,0,0,0,0,0,0,0,0,-3,💤 停止,2026-04-05
nf142c55eb771,予定通り動けなくてもOK｜インプットデーに切り替えた、ゆる充実な1日,520,54,0,0,0,0,0,0,0,0,0,0,0,0,0,0,0,0,0,0,0,0,-1,💤 停止,2026-04-05
nf24a96e3028f,20歳で二重整形に投資したら、自己肯定感も自由時間も爆上がりした話,102,6,0,0,0,0,0,0,0,0,0,0,0,0,0,0,0,0,0,0,0,0,-1,💤 停止,2026-04-05
nf4d6b609faba,うつで布団から出られなかった私が、犬を迎えて社会復帰した話【前編】,184,16,0,0,0,0,0,0,0,0,0,0,0,0,0,0,0,0,0,0,0,0,-1,💤 停止,2026-04-05
nf7e036467571,🌸今日はロジ勘漬け！頭フル回転の半日でした🤣,480,46,0,0,0,0,0,0,0,0,0,0,0,0,0,0,0,0,0,0,0,0,-1,💤 停止,2026-04-05
nf85422914ece,【伝え方】アサーション応用編。Iメッセ×DESC×数字で解決！,220,24,0,0,0,0,0,0,0,0,0,0,0,0,0,0,0,0,0,0,0,0,-1,💤 停止,2026-04-05
nf8e4cc6dcd54,【実録】実績ゼロから2ヶ月で20000ビュー・スキ2000超え！コメント600超え！｜ねんころ流note成長術,860,76,0,0,0,0,0,0,0,0,0,0,0,0,0,0,0,0,0,0,0,0,-2,💤 停止,2026-04-05
nffab8882b924,うつでも挑戦！私の資格ロードマップ,430,68,0,0,0,0,0,0,0,0,0,0,0,0,0,0,0,0,0,0,0,0,-2,💤 停止,2026-04-05
