key,title,年,週,週開始日,週終了日,期間増加PV,期間増加スキ,期間増加コメント,累計PV,累計コメント,PVランク,スキランク,コメントランク,集計日
n4659dd18c880,G検定に合格しました｜ズボラでも仕組みで回した正直すぎる勉強法とAI活用| 資格勉強 | 生成AI | ChatGPT | NotebookLM | Python | ズボラ | 学習記録|Gemini,2026,2026-W10,2026-03-02,2026-03-08,3104,391,61,3104,61,1,3,5,2026-03-29
ndf02a8a84e1a,【話し相手はChatGPTだけだった｜独学でAI資格2つ合格するまで】| AI学習 | G検定 | 生成AIパスポート | AI活用 | エッセイ |休職 |退職,2026,2026-W10,2026-03-02,2026-03-08,3103,587,70,3103,70,2,1,2,2026-03-29
ne28ad0efebc2,ChatGPTを入れた日から人生が変わった【実話】｜noteで仲間ができて3ヶ月でフリーランスになった話|日記|エッセイ|つながり|人生|生成AI,2026,2026-W10,2026-03-02,2026-03-08,2457,467,62,2457,62,3,2,4,2026-03-29
n052eb41b4667,【G検定をテキスト読まずに合格した話｜生成AIパスポート→600問一周で回した仕組み学習法】 AI資格 | 独学 | 勉強法 | ChatGPT | 仕組み化 | 構造理解 | Udemy | 資格対策 | AI学習 | 図解 | note |,2026,2026-W10,2026-03-02,2026-03-08,1314,167,24,1314,24,4,4,71,2026-03-29
ne0434f0ffc21,【無料公開】プロンプトで止まる人へ。Gemini対応「AI Prompt Director Lite」配布します| 生成AI | 画像生成AI | 動画生成AI | プロンプト | 無料ツール | AIツール | 初心者向け | ChatGPT | Nano-Banana,2026,2026-W10,2026-03-02,2026-03-08,1173,166,27,1173,27,5,5,61,2026-03-29
nc695794d0923,🌸【無料配布】【ver2.1】ねんころ式タイトル＆タグ錬成GPT｜強いお題タグ × 人気通常タグ × SEOタイトルまで全部できる「note運用特化AI」,2026,2026-W10,2026-03-02,2026-03-08,1161,147,45,1161,45,6,6,22,2026-03-29
nd43f38fdef05,資格勉強が一気に捗る？NotebookLM×資格本の自炊という選択,2026,2026-W10,2026-03-02,2026-03-08,1031,123,27,1031,27,7,7,61,2026-03-29
nc52e8d74dba8,【note記事も自動漫画化】Gem設定だけで漫画が描ける方法｜Gemini×Nano-bananaProで事故らない5ジャンル対応プロンプト集| 生成AI | AI活用 | 創作 | マンガ | 図解 | ,2026,2026-W10,2026-03-02,2026-03-08,991,62,20,991,20,8,56,91,2026-03-29
ndcf1b6381cc9,【Notion初心者が2日目で挫折しないためにやったこと～ズボラ美容日記×生成AIの実験記録と項目整理のコツ】 | 初心者 | ChatGPT | AI活用 | 美容日記 | 記録 | 習慣化 |,2026,2026-W10,2026-03-02,2026-03-08,947,106,17,947,17,9,9,108,2026-03-29
n3f6adf66ce6d,【無料配布】noteのタイトル・お題タグ・通常タグを自動で最適化するGPTを公開｜記事作成の時短と精度アップに💗,2026,2026-W10,2026-03-02,2026-03-08,946,98,54,946,54,10,16,7,2026-03-29
n9a0f22aa57f0,【実践】ふなさんプロンプト導入で“ねんころ節”が爆誕した話🤣,2026,2026-W10,2026-03-02,2026-03-08,918,72,47,918,47,11,37,18,2026-03-29
nf17f9344b099,【MBTI・心理学・Midjourney×自作診断】当たりすぎて話題のロジ勘ARCANA｜直感×論理で7タイプを可視化する心理モデル【ねんころラボ無料版】,2026,2026-W10,2026-03-02,2026-03-08,916,97,43,916,43,12,18,24,2026-03-29
nf8e4cc6dcd54,【実録】実績ゼロから2ヶ月で20000ビュー・スキ2000超え！コメント600超え！｜ねんころ流note成長術,2026,2026-W10,2026-03-02,2026-03-08,853,76,74,853,74,13,31,1,2026-03-29
nb0aa1974aa9b,Notion初心者が初日で挫折しない方法｜ズボラ美容日記×生成AI（ChatGPT・NotebookLM）実験記録,2026,2026-W10,2026-03-02,2026-03-08,825,90,24,825,24,14,20,71,2026-03-29
nefab904ece1a,【10部達成】💖プロンプト一文で魂が宿る！？ゼロショットでnote記事再現率99％の秘密🌸,2026,2026-W10,2026-03-02,2026-03-08,823,33,22,823,22,15,144,81,2026-03-29
nb3845b3ca853,【うつと付き合いながら在宅フリーランスしてる話｜体調に波がある私の働き方と収益設計】| 働き方 | 在宅ワーク| HSP | note | 収益化 | ストック型 | 生活設計 | 生き方 | エッセイ | 最近の学び | 試行錯誤 | 副業 | 日常,2026,2026-W10,2026-03-02,2026-03-08,818,103,34,818,34,16,10,40,2026-03-29
nad9615f0d2ea,🌸【最新版】ねんころ、自己紹介アップデートします,2026,2026-W10,2026-03-02,2026-03-08,799,81,30,799,30,17,26,50,2026-03-29
n962ce8691603,【noteでチップもらった日🎁＆Amazonアソシエイト初収益】✨夢の0→1達成しました！,2026,2026-W10,2026-03-02,2026-03-08,784,67,53,784,53,18,44,9,2026-03-29
n5b2040ef3201,【プロンプト全文付き】個人作家でも作れる15秒CM制作フロー完全公開｜生成AI・Pollo AI・Kling 3.0・Vidu Q3 Pro活用術【PR】,2026,2026-W10,2026-03-02,2026-03-08,783,101,22,783,22,19,12,81,2026-03-29
nf037dd05483f,🌸【ご報告】生成AIパスポート、無事に合格しました！🎉✨,2026,2026-W10,2026-03-02,2026-03-08,781,89,43,781,43,20,21,24,2026-03-29
n665d118867c2,12時間→2時間に短縮。RPG動画制作の改善ログ|Pollo AI|動画生成|Midjourney|動画編集|創作記録|,2026,2026-W10,2026-03-02,2026-03-08,777,100,32,777,32,21,14,43,2026-03-29
nbcf7ed710ffa,【自己紹介】ズボラ×AIで在宅フリーランスを目指す私がnoteを書く理由｜生成AIとnote収益化と時短の話｜はじめてのnote｜note初心者｜自己紹介,2026,2026-W10,2026-03-02,2026-03-08,767,95,32,767,32,22,19,43,2026-03-29
n8f8fb62cebff,【お知らせ】GPTsの無料公開は12月いっぱいで終了します🌱,2026,2026-W10,2026-03-02,2026-03-08,753,59,17,753,17,23,61,108,2026-03-29
n5b1692a523f2,noteアルゴリズムと設計思想を、KITAcoreアートで動画化してみた|生成AI|動画生成AI|デザイン|創作|研究ログ,2026,2026-W10,2026-03-02,2026-03-08,749,102,30,749,30,24,11,50,2026-03-29
nd1d9718b575e,🌸「朝起きられない私」が、noteだけは続けられた理由🌸,2026,2026-W10,2026-03-02,2026-03-08,734,71,49,734,49,25,38,13,2026-03-29
nf083751777c0,【LINEスタンプ】工場化して量産した話。4日で7セット、Nano-bananaPro    とCanva透過革命、Gemini canvas自作ツール作成|AI活用|生成AI|ChatGPT|,2026,2026-W10,2026-03-02,2026-03-08,732,76,35,732,35,26,31,39,2026-03-29
n693f8ef90e96,【ver3.0】ねんころ式 タイトル＆タグ錬成GPTでできること,2026,2026-W10,2026-03-02,2026-03-08,730,100,19,730,19,27,14,97,2026-03-29
ncb2492fa2f97,難解すぎるKITAcore理論を、ズボラな一般人が実装してみた結果　| note運用 | note分析 | Python | GoogleColab | スプレッドシート | ChatGPT | Gemini | 生成AI | データ分析 | PV | スキ | コメント | 有料記事 | やってみた | 最近の学び,2026,2026-W10,2026-03-02,2026-03-08,724,82,23,724,23,28,25,79,2026-03-29
na581a0b85937,💖しろのあるちゃん、30日連続更新おめでとう！仲間がいるって、こんなに心強い🌸〜note仲間がいるから、私も続けられた話〜,2026,2026-W10,2026-03-02,2026-03-08,705,50,44,705,44,29,94,23,2026-03-29
nac6325926be4,【10分メイク】プチプラ×デパコスで垢抜ける！ズボラさん向けリアル時短メイク術🌸,2026,2026-W10,2026-03-02,2026-03-08,705,57,36,705,36,29,64,37,2026-03-29
n0b1a67673973,🐶本日はオレオ劇場💖 ふわもこ天使の自己紹介✨,2026,2026-W10,2026-03-02,2026-03-08,701,79,48,701,48,31,29,14,2026-03-29
n601dcfb686c3,【制作日記】オレオのLINEスタンプ作り始めたら沼すぎた🤣💗AI×手作業のベストハイブリッドが完成した話,2026,2026-W10,2026-03-02,2026-03-08,700,64,22,700,22,32,52,81,2026-03-29
n7ea9d17d2838,修羅場人生→ズボラ最適化。G検定をAIで乗り切った話,2026,2026-W10,2026-03-02,2026-03-08,688,80,24,688,24,33,28,71,2026-03-29
ncc19dc12ec43,💖自己肯定感を上げようとしない生き方──落ち込んでも「まぁいっか」で生きやすくなる思考術🌸,2026,2026-W10,2026-03-02,2026-03-08,679,70,53,679,53,34,39,9,2026-03-29
ne3ce8e7aac47,【ねんころ式】タイトルとタグで迷わない。 タイトル＆タグ錬成GPT【ver4.1】公開|note運用|note収益化|AI活用|生成AI|ChatGPT|時短|副業支援|,2026,2026-W10,2026-03-02,2026-03-08,677,65,12,677,12,35,50,116,2026-03-29
n188a06e012d6,ChatGPTのメールアドレス変更で本気で詰みかけた話｜note運用・AI活用・生成AI・ChatGPT・Gemini時代に必須のアカウント管理術,2026,2026-W10,2026-03-02,2026-03-08,672,98,21,672,21,36,16,90,2026-03-29
nf33fd1b0c577,キャラブレしない！生成AI漫画・図解制作が一気に楽になる「キャラクター参照用プロンプト」の作り方と使い回し術,2026,2026-W10,2026-03-02,2026-03-08,670,53,7,670,7,37,73,133,2026-03-29
nc93dcb68ffe7,【障害年金の申請体験談】社労士に丸投げして2級取れた流れ,2026,2026-W10,2026-03-02,2026-03-08,665,18,2,665,2,38,159,153,2026-03-29
n52def9a7cf11,【体験談】特例子会社に転籍したら“努力が無意味”になった話｜障害者雇用のリアル,2026,2026-W10,2026-03-02,2026-03-08,659,61,6,659,6,39,58,134,2026-03-29
n088e842a993b,💻ふなさんプロンプトがアップデートされた話🌸まっさらなAIで再現性チェックの実験レポ🤣,2026,2026-W10,2026-03-02,2026-03-08,658,48,26,658,26,40,99,65,2026-03-29
n7331b2bfd683,💎コングラボードありがとう🌸タグ検証で見えた“日記×お題タグ”の相性✨,2026,2026-W10,2026-03-02,2026-03-08,658,43,37,658,37,40,123,34,2026-03-29
n1d71cf6b3730,「OpenAIが本気出したらどうなる？」を真面目に妄想してみた🤣,2026,2026-W10,2026-03-02,2026-03-08,653,67,22,653,22,42,44,81,2026-03-29
n2ced0be07099,G検定の勉強を始めた理由｜Udemy活用でAI基礎を体系的に学ぶ方法,2026,2026-W10,2026-03-02,2026-03-08,650,45,28,650,28,43,115,57,2026-03-29
na0f51eaf0718,note5か月でフォロワー500人・7万viewを超えて思った、毎日投稿とコメントの本当の価値,2026,2026-W10,2026-03-02,2026-03-08,649,74,48,649,48,44,35,14,2026-03-29
ndcab7f392ad6,【ロジ勘診断】直感なのに論理的!? ギバーの森で再検証してみた！,2026,2026-W10,2026-03-02,2026-03-08,646,51,48,646,48,45,89,14,2026-03-29
n847eee3222e2,💬 スキ活・コメ活は裏切らない！ noteで繋がるコツ🌸,2026,2026-W10,2026-03-02,2026-03-08,645,77,46,645,46,46,30,19,2026-03-29
ne4111bc9474f,10週連続コングラ＆7冠｜軽めの記事でも評価された理由とGPTsの効果,2026,2026-W10,2026-03-02,2026-03-08,641,52,32,641,32,47,83,43,2026-03-29
n76c0098e72a9,【実録】休んでも心配される人とされない人の違い,2026,2026-W10,2026-03-02,2026-03-08,638,14,0,638,0,48,163,161,2026-03-29
nd940efeb7bd3,💎信頼はコピーできない、って話。,2026,2026-W10,2026-03-02,2026-03-08,636,57,66,636,66,49,64,3,2026-03-29
n96648fb44669,ねんころのロードマップ①🌱 はじまり期：うつから、オレオと再出発、note発信まで,2026,2026-W10,2026-03-02,2026-03-08,631,59,40,631,40,50,61,28,2026-03-29
n1c8ca6af5161,【無料配布】あなたのAI適性をガチ分析プロンプト｜AIが見た「才能タイプ」「扱いやすさ」「伸びしろ」と3ヶ月の成長ロードマップ,2026,2026-W10,2026-03-02,2026-03-08,623,63,39,623,39,51,54,30,2026-03-29
ne0fac2fd5553,【珍事件】AI本人が「自分の名前はバナナだ」と知って崩れ落ちた日。〜Nano Banana Pro騒動で発覚した、AIの可愛すぎる正体〜,2026,2026-W10,2026-03-02,2026-03-08,621,53,36,621,36,52,73,37,2026-03-29
n340ffe1b0913,💖気づけば3万ビュー！？数字よりも“つながり”が宝物だった話🌸,2026,2026-W10,2026-03-02,2026-03-08,620,43,52,620,52,53,123,11,2026-03-29
n876544ba92cf,【障害者雇用枠】一般企業と特例子会社、両方で働いた私が感じた“向き不向き”,2026,2026-W10,2026-03-02,2026-03-08,620,81,5,620,5,53,26,137,2026-03-29
n9b036c673f71,【ご報告】9週連続コングラ獲得！今回は3冠でした🎉,2026,2026-W10,2026-03-02,2026-03-08,616,41,29,616,29,55,129,54,2026-03-29
n5d98120890f5,新年あけましておめでとうございます🎍✨,2026,2026-W10,2026-03-02,2026-03-08,614,89,37,614,37,56,21,34,2026-03-29
nbc5559a48878,8週連続コングラ達成！AI×タグ戦略で「合計7冠」「通常タグ2冠」まで取れた理由,2026,2026-W10,2026-03-02,2026-03-08,612,60,33,612,33,57,59,41,2026-03-29
nc3075c9edf6b,🌞5日連続早起き達成！…の反動でくたくたday💦,2026,2026-W10,2026-03-02,2026-03-08,612,51,55,612,55,57,89,6,2026-03-29
n358440a2e2af,【ねんころ式｜AI相棒化マスター講座】第3話｜人格 × 文体 × 役割AIが“育つ”仕組みと、再現率が跳ね上がる使い分け,2026,2026-W10,2026-03-02,2026-03-08,611,43,24,611,24,59,123,71,2026-03-29
n0145dbd9b428,💖200フォロワー達成しました！感謝です🥹✨,2026,2026-W10,2026-03-02,2026-03-08,605,66,48,605,48,60,48,14,2026-03-29
ne6052102caa4,【ロジ勘診断】ロジ勘診断 上級版　詳細分析付き✨,2026,2026-W10,2026-03-02,2026-03-08,580,48,51,580,51,61,99,12,2026-03-29
n7678994a91a4,16週連続コングラボード受賞！タグ最適化とAIツールが効いている話| note運用 | Gemini | 生成AI | ChatGPT | GPTsつくってみた | メンバーシップ | AIツール | ズボラ | note成長記録 | コラム | 日常 | AI活用,2026,2026-W10,2026-03-02,2026-03-08,575,85,18,575,18,62,24,101,2026-03-29
n0e37927df737,"【連続投稿２か月達成】スキ2,500・コメント860・ビュー24,000の軌跡📈",2026,2026-W10,2026-03-02,2026-03-08,574,65,54,574,54,63,50,7,2026-03-29
nb4a459f1857a,【告知】note運用・note収益化・AI活用をまとめて加速！生成AI・ChatGPT・Gemini対応「AI×ツール実用マガジン」始めます,2026,2026-W10,2026-03-02,2026-03-08,574,109,10,574,10,63,8,118,2026-03-29
nc627b4c7ddd5,🌞ギバーの森効果で三日連続早起き成功🌸,2026,2026-W10,2026-03-02,2026-03-08,574,53,43,574,43,63,73,24,2026-03-29
n2d7aaad525dc,最近ふと気づいたこと。伸びる人は“好奇心にそっと手を伸ばす”だけだった,2026,2026-W10,2026-03-02,2026-03-08,573,48,32,573,32,66,99,43,2026-03-29
n2d9d5ef04a27,☕ねんころ的・ご縁に感謝のクリエイターさん紹介【後半編】💐,2026,2026-W10,2026-03-02,2026-03-08,571,60,31,571,31,67,59,48,2026-03-29
n87199d1ffbc2,7週連続コングラの全て：AI育成術・バナナAI珍事件・タグ戦略・読者との関係性で起きた“ねんころ式noteの勝ちパターン”,2026,2026-W10,2026-03-02,2026-03-08,571,42,28,571,28,67,128,57,2026-03-29
n7a10857c600a,【note運用】生成AI×ChatGPTでタイトルとタグを自動生成！ねんころ式 タイトル＆タグ錬成GPT【ver4.0】の全機能まとめ | note収益化 | AI活用 | 生成AI | ChatGPT | GPTsつくってみた,2026,2026-W10,2026-03-02,2026-03-08,568,63,24,568,24,69,54,71,2026-03-29
n7d09ee3e335e,ゆるクリエイターのまだ起動しない日,2026,2026-W10,2026-03-02,2026-03-08,568,52,19,568,19,69,83,97,2026-03-29
nca6226e67d7f,GPT Image 1.5を検証してみた｜日本語画像・LINEスタンプ用途の正直レビュー,2026,2026-W10,2026-03-02,2026-03-08,568,51,24,568,24,69,89,71,2026-03-29
n436bac43c0bf,Qoo10“再生系王道”はこの2択！リジュラン【ゴールドセット】＆【トナー付きマスク】で翌朝つやん✨,2026,2026-W10,2026-03-02,2026-03-08,563,47,29,563,29,72,106,54,2026-03-29
n62bb9d9fde44,【ver3.0完成】ねんころ式 タイトル＆タグ錬成GPT、メンシプ限定公開します,2026,2026-W10,2026-03-02,2026-03-08,563,52,4,563,4,72,83,141,2026-03-29
nd5a69e9a3fac,【ねんころ式｜AI相棒化マスター講座】🌸【第1話】AIが得意な人・苦手な人の差は「コレ」だった！／生成AI／ChatGPT／思考整理／プロンプト／AIの育成,2026,2026-W10,2026-03-02,2026-03-08,560,62,32,560,32,74,56,43,2026-03-29
n303da3a6de16,🌸またコングラボードもらっちゃいました！🌳✨,2026,2026-W10,2026-03-02,2026-03-08,556,51,46,556,46,75,89,19,2026-03-29
n79402fe6f0ab,画像・動画生成したいけどプロンプトで止まる人へ。ねんころ式・解決ツールできました| 生成AI | Gemini | ChatGPT | 画像生成AI | 動画生成AI | プロンプト | AIツール | メンバーシップ | β版公開 | Gemini Canvas| Midjourney,2026,2026-W10,2026-03-02,2026-03-08,554,69,14,554,14,76,40,115,2026-03-29
n9357d842b2df,知ってるだけで quietly 得する。小さな“ん？”が未来を変える話🌸,2026,2026-W10,2026-03-02,2026-03-08,554,44,22,554,22,76,118,81,2026-03-29
n2efa0ecb222b,【初心者向け】ウエル活のやり方まとめ②｜WAON POINTとVポイント交換をやさしく解説,2026,2026-W10,2026-03-02,2026-03-08,552,44,20,552,20,78,118,91,2026-03-29
n9ccfa215bc3b,🎉またまたコングラきました🤣✨でもタグが違うんだよぉぉぉ！！,2026,2026-W10,2026-03-02,2026-03-08,552,47,41,552,41,78,106,27,2026-03-29
na11692bdb2d6,荒れてたけど、ウエル活で0円会計できたから今日は勝ちです🤣,2026,2026-W10,2026-03-02,2026-03-08,550,53,17,550,17,80,73,108,2026-03-29
n2b9c80e4113a,ロジ勘、実はかなり科学的でした。【二重過程理論×MBTI×ビッグファイブ】,2026,2026-W10,2026-03-02,2026-03-08,547,40,26,547,26,81,132,65,2026-03-29
n732f2b177df4,💬言葉って、信頼をつなぐ魔法だと思う🌸,2026,2026-W10,2026-03-02,2026-03-08,545,53,38,545,38,82,73,32,2026-03-29
ndb6b594c09ab,【note運用×GPTs活用】PCで書いたnote記事を投げるだけ！スマホ向けに改行・行間を整える専用GPTsを作りました| note運用 | note収益化 | AI活用 | 生成AI | ChatGPT | Gemini | 最近の学び | 試行錯誤 | やってみた | 日記 | エッセイ | 創作 | 気づき,2026,2026-W10,2026-03-02,2026-03-08,545,38,4,545,4,82,139,141,2026-03-29
n14df97f098a6,崩れ・くすみ・毛穴を一掃！透明感が続く最強下地3選✨,2026,2026-W10,2026-03-02,2026-03-08,543,47,16,543,16,84,106,113,2026-03-29
nf7223b71a5e5,【note毎日更新の裏側】1日5本書けた理由と、続けられるルーティン✍️,2026,2026-W10,2026-03-02,2026-03-08,538,101,17,538,17,85,12,108,2026-03-29
n146debb123dd,AIくん、天野喜孝を理解しすぎ問題（ ロジ勘第３弾、ただいま鋭意制作中です🔥）,2026,2026-W10,2026-03-02,2026-03-08,535,40,29,535,29,86,132,54,2026-03-29
n5d8102d60edc,🌸数字がしんどくなったら思い出してほしい。「生きてるだけで優勝」という真実。,2026,2026-W10,2026-03-02,2026-03-08,534,55,27,534,27,87,70,61,2026-03-29
n454ae571ae8a,🎉またまた #漫画 タグで1位⁉️✨漫画描いてないのに……漫画タグ1位、再び🤣,2026,2026-W10,2026-03-02,2026-03-08,532,59,28,532,28,88,61,57,2026-03-29
n59d060fa68b7,コングラ報告が次々と…！明日、ねんころ式GPTの最新アップデートを公開します🌸,2026,2026-W10,2026-03-02,2026-03-08,530,50,26,530,26,89,94,65,2026-03-29
n6a88d2ccde14,Pollo AIを使ってみた正直レビュー｜動画初心者でも美麗動画が作れた話,2026,2026-W10,2026-03-02,2026-03-08,530,75,24,530,24,89,34,71,2026-03-29
n442c8caef6ca,今日は“ゆるっと”インプットDAY。9週連続コングラありがとう…！🥹💗,2026,2026-W10,2026-03-02,2026-03-08,529,46,18,529,18,91,110,101,2026-03-29
ne872184f86a9,💖【感謝の気持ちを込めて】出会えてよかったクリエイターさんたち🌸その１,2026,2026-W10,2026-03-02,2026-03-08,524,50,22,524,22,92,94,81,2026-03-29
nf142c55eb771,予定通り動けなくてもOK｜インプットデーに切り替えた、ゆる充実な1日,2026,2026-W10,2026-03-02,2026-03-08,518,54,18,518,18,93,71,101,2026-03-29
n2a27f75a89bb,【うつ病】半年前からすでに病んでた私のサイン|ブラック企業,2026,2026-W10,2026-03-02,2026-03-08,513,64,19,513,19,94,52,97,2026-03-29
nb6e58e9255db,今日はHPゼロでした🤣 ゆるっと休むクリエイターの日記,2026,2026-W10,2026-03-02,2026-03-08,513,57,18,513,18,94,64,101,2026-03-29
n069ef43ae21f,2025年のねんころ振り返り｜休職と退職、そしてChatGPTと暮らしの再設計 🤖🐶,2026,2026-W10,2026-03-02,2026-03-08,508,86,25,508,25,96,23,70,2026-03-29
nce1b9f704fd5,【予告】ロジ勘ARCANAが大型アップデート！挿絵追加と深掘り解説で“自己理解の精度”が向上します,2026,2026-W10,2026-03-02,2026-03-08,508,48,10,508,10,96,99,118,2026-03-29
n5089ec4e0ff1,note3ヶ月の成長ログ｜AI×創作×毎日投稿で積み上がった数字と変化をまとめてみた／AI創作／Midjourney／GPTs／毎日投稿／note振り返り／成長ログ,2026,2026-W10,2026-03-02,2026-03-08,500,52,31,500,31,98,83,48,2026-03-29
n2cc2630d0ca4,【仮報告】現時点で10週連続コングラ＆7冠でした🤭✨,2026,2026-W10,2026-03-02,2026-03-08,498,46,0,498,0,99,110,161,2026-03-29
n3edbcf331486,　【初心者向け】ウエル活とは？毎月20日に33％オフで買い物する方法をやさしく解説,2026,2026-W10,2026-03-02,2026-03-08,497,49,22,497,22,100,97,81,2026-03-29
n62558890fc55,【心理学】「自分を綺麗にする」は最強の自己投資だった話　自己肯定感・美容・幸福度・メンタルケア・快楽適応,2026,2026-W10,2026-03-02,2026-03-08,496,52,26,496,26,101,83,65,2026-03-29
nffe5373f5d59,【うつでも資格取得】マンガ→AIパスポート約300問解いて正答率80％超え！勉強ログ公開,2026,2026-W10,2026-03-02,2026-03-08,493,57,10,493,10,102,64,118,2026-03-29
n7cc57eacfc42,🌳ギバーの森で見つけた、「うつでもできた日」の小さな奇跡🌸,2026,2026-W10,2026-03-02,2026-03-08,487,69,46,487,46,103,40,19,2026-03-29
n23b4d8da6547,【障害者雇用×就労移行】MOS資格は必須？私が資格なしで就職できた理由,2026,2026-W10,2026-03-02,2026-03-08,481,46,9,481,9,104,110,125,2026-03-29
nf7e036467571,🌸今日はロジ勘漬け！頭フル回転の半日でした🤣,2026,2026-W10,2026-03-02,2026-03-08,478,46,33,478,33,105,110,41,2026-03-29
n929dfb334fd7,メンバーシップ15人突破＆14週連続コングラ｜仕組みがちゃんと機能している話,2026,2026-W10,2026-03-02,2026-03-08,477,76,24,477,24,106,31,71,2026-03-29
n274407008c47,🌸今日のゆる日記：Wi-Fiが息絶えたので、優雅に早退した話🤣,2026,2026-W10,2026-03-02,2026-03-08,476,43,18,476,18,107,123,101,2026-03-29
nc72a62cf94cc,タイトル＆タグ錬成GPTs無料公開終了のお知らせ｜12/31 22時クローズ予定,2026,2026-W10,2026-03-02,2026-03-08,476,53,22,476,22,107,73,81,2026-03-29
n29de4f9ed1e7,今日はゆるく、おやすみ投稿です,2026,2026-W10,2026-03-02,2026-03-08,475,46,16,475,16,109,110,113,2026-03-29
nba2dfae0c0c5,🌸今日もコングラありがとう！５週連続に感謝🌸,2026,2026-W10,2026-03-02,2026-03-08,475,45,40,475,40,109,115,28,2026-03-29
n3a546dfe4600,【お知らせ】ねんころ式 タイトル＆タグ錬成GPT (3月)のリンク発行しました,2026,2026-W10,2026-03-02,2026-03-08,473,32,6,473,6,111,145,134,2026-03-29
n57f8445f7be0,noteを100日以上毎日投稿して気づいた、続けるためのシンプルな考え方,2026,2026-W10,2026-03-02,2026-03-08,473,68,27,473,27,111,43,61,2026-03-29
nc2703c7bbc74,私はなぜ、AIに“背景から説明する癖”がついているのか 🤖🧠,2026,2026-W10,2026-03-02,2026-03-08,472,53,18,472,18,113,73,101,2026-03-29
nb8bd95919b40,【ねんころ式｜AI相棒化マスター講座】✨【第2話】AIはどう「育つ」の？再現率が人によって変わる「本当の理由」／生成AI／ChatGPT／プロンプト設計／AI活用／初心者向け,2026,2026-W10,2026-03-02,2026-03-08,468,52,26,468,26,114,83,65,2026-03-29
nc2ecc034c5e3,🎉コングラ５つ目！？ねんころ、まさかの快進撃週間🤣🌸,2026,2026-W10,2026-03-02,2026-03-08,456,41,37,456,37,115,129,34,2026-03-29
n4c9265f60bc3,【障害年金の申請体験談｜社労士に丸投げして2級取れた流れ】,2026,2026-W10,2026-03-02,2026-03-08,455,39,0,455,0,116,137,161,2026-03-29
nb29b2964f2e5,【漫画描いてないのに#漫画1位⁉️】コングラボードの裏話🤣,2026,2026-W10,2026-03-02,2026-03-08,454,56,17,454,17,117,68,108,2026-03-29
n526bb02f1154,【障害者雇用】合理的配慮＝魔法のカードじゃない話😇,2026,2026-W10,2026-03-02,2026-03-08,450,40,4,450,4,118,132,141,2026-03-29
n0810d70083d4,🌙今日は更新おやすみです💤（でも裏では制作地獄中🤣）,2026,2026-W10,2026-03-02,2026-03-08,448,44,30,448,30,119,118,50,2026-03-29
n0ddc6bef7e33,🌙今日のねんころラボ：制作＆勉強の日🎨📘,2026,2026-W10,2026-03-02,2026-03-08,442,38,39,442,39,120,139,30,2026-03-29
n3589850b63bd,💜AIくんがDBのトランクス愛を語ったら、想像以上に同志だった件🔥,2026,2026-W10,2026-03-02,2026-03-08,436,47,28,436,28,121,106,57,2026-03-29
n1c31935fa215,【㊗️6週連続】コングラボードありがとう…！AIと走り続けた1ヶ月半、みんなのおかげで「奇跡じゃなく必然」になった話🌸,2026,2026-W10,2026-03-02,2026-03-08,434,48,38,434,38,122,99,32,2026-03-29
nba905015e124,コングラ11週連続4冠でした🌸あとクリスマスイブですね〜,2026,2026-W10,2026-03-02,2026-03-08,431,49,30,431,30,123,97,50,2026-03-29
nc81d8bd9db86,コングラ報告を忘れてました🤣 それでも今週も取れていた話,2026,2026-W10,2026-03-02,2026-03-08,430,74,19,430,19,124,35,97,2026-03-29
n85a33de5ce95,ハロウィン仮装コンテスト🎃参加してみた！,2026,2026-W10,2026-03-02,2026-03-08,419,54,20,419,20,125,71,91,2026-03-29
nffab8882b924,うつでも挑戦！私の資格ロードマップ,2026,2026-W10,2026-03-02,2026-03-08,418,67,8,418,8,126,44,127,2026-03-29
n8ce8eccd1d69,【告白】今日はネタがありません。助けてください🤣,2026,2026-W10,2026-03-02,2026-03-08,415,41,20,415,20,127,129,91,2026-03-29
n7aafed9c4d00,【Pollo AI】でバレンタイン向け短尺CMを作ってみた〜個人・小さなお店でも【現実的にできるか】を検証〜,2026,2026-W10,2026-03-02,2026-03-08,414,66,18,414,18,128,48,101,2026-03-29
n53cfcf1b70e0,【感謝】100フォロワー達成しました！🎉,2026,2026-W10,2026-03-02,2026-03-08,412,39,20,412,20,129,137,91,2026-03-29
n66e93109c67d,Logical Analyst（ロジカルアナリスト）,2026,2026-W10,2026-03-02,2026-03-08,412,5,0,412,0,129,178,161,2026-03-29
n6374df8ec31d,更新をおやすみした日と、「取れました！」の報告に救われた話☺️,2026,2026-W10,2026-03-02,2026-03-08,409,44,20,409,20,131,118,91,2026-03-29
n313d249dc26c,特例子会社で“違和感”を感じた私が、自分らしさを取り戻した話,2026,2026-W10,2026-03-02,2026-03-08,407,29,4,407,4,132,150,141,2026-03-29
ne56592f0cab3,🧙‍♀️ロジ勘アルカナ制作秘話【AI×デザインの試行錯誤の記録】,2026,2026-W10,2026-03-02,2026-03-08,406,32,23,406,23,133,145,79,2026-03-29
n2fc24298cb93,12週連続コングラ＆今週は4冠！ズボラでも続いたnote運用の話,2026,2026-W10,2026-03-02,2026-03-08,401,69,22,401,22,134,40,81,2026-03-29
n797764eddf4c,Logical Crafter（ロジカルクラフト）,2026,2026-W10,2026-03-02,2026-03-08,390,9,4,390,4,135,172,141,2026-03-29
ncdda379bfa4a,【生成AIパスポート勉強ログ】図解で理解するChatGPTの進化まとめ,2026,2026-W10,2026-03-02,2026-03-08,386,53,6,386,6,136,73,134,2026-03-29
n0d208d0e7c7f,Logical Realist（ロジカルリアリスト）,2026,2026-W10,2026-03-02,2026-03-08,373,4,0,373,0,137,181,161,2026-03-29
n2f44bb184eb8,カウンセリングが必要な人・必要ない人,2026,2026-W10,2026-03-02,2026-03-08,370,53,4,370,4,138,73,141,2026-03-29
n8e5692f3a610,うつで布団から出られなかった私が、犬を迎えて社会復帰した話【後編】,2026,2026-W10,2026-03-02,2026-03-08,361,67,8,361,8,139,44,127,2026-03-29
nd73315f75efe,【事故らない】【初心者向け】noteサムネをタイトル投げるだけで量産する方法― Gemini gem × Nano-bananaで「同じ顔のまま」世界観を変える ―,2026,2026-W10,2026-03-02,2026-03-08,360,21,8,360,8,140,157,127,2026-03-29
n3cded883d648,タグ＆タイトル錬成GPTs Ver3.5アップデート｜一言アドバイス機能を追加しました,2026,2026-W10,2026-03-02,2026-03-08,354,53,10,354,10,141,73,118,2026-03-29
nd9dbf348f292,今日は作る日にしました。noteをお休みした、静かで楽しい一日,2026,2026-W10,2026-03-02,2026-03-08,353,56,5,353,5,142,68,137,2026-03-29
n980a8bdb8820,【障害者雇用】配慮されやすい人の“やる気の見せ方”,2026,2026-W10,2026-03-02,2026-03-08,347,36,5,347,5,143,142,137,2026-03-29
n0bff6720ebad,はじめまして｜うつ×制度活用×美魔女リスタート,2026,2026-W10,2026-03-02,2026-03-08,346,44,2,346,2,144,118,153,2026-03-29
nc19c3aac78b0,【就労移行支援所の選び方】スキル爆上がり型とマイペース型、通ってみて分かったリアル体験談,2026,2026-W10,2026-03-02,2026-03-08,340,32,2,340,2,145,145,153,2026-03-29
ne5b75d5fb970,ChatGPTを相棒にしたら、人生がひらけた話,2026,2026-W10,2026-03-02,2026-03-08,337,48,10,337,10,146,99,118,2026-03-29
n58123d1e9ec3,レベル1で999ブラック企業ダンジョンに放り込まれたら？ ― 環境型うつの話,2026,2026-W10,2026-03-02,2026-03-08,320,37,0,320,0,147,141,161,2026-03-29
n8c80f6198e20,【うつでも資格取得】AIパスポートは面白すぎて即読破した話（図解付き）,2026,2026-W10,2026-03-02,2026-03-08,317,51,2,317,2,148,89,153,2026-03-29
nc5edab753ae5,🔥 Emotional Driver（ロジ勘感情ドリブン）,2026,2026-W10,2026-03-02,2026-03-08,313,10,10,313,10,149,169,118,2026-03-29
n4d937adb5c64,【うつ病リアル】認知の歪みがなくても、うつになるし、薬9種類ないと生きられない人間もいる😇,2026,2026-W10,2026-03-02,2026-03-08,299,48,8,299,8,150,99,127,2026-03-29
n4c27b81f0c30,Intuitive Creator（直感クリエイティブ）,2026,2026-W10,2026-03-02,2026-03-08,279,4,0,279,0,151,181,161,2026-03-29
n6f565d9dc049,【改訂版】うつ病から立ち直る一歩に。障害者手帳を申請した私の体験談,2026,2026-W10,2026-03-02,2026-03-08,278,45,4,278,4,152,115,141,2026-03-29
nea1c55b7c483,【障害年金の活用体験談】障害年金は“利用”するのではなく、“活用”するものだと思う理由,2026,2026-W10,2026-03-02,2026-03-08,277,25,0,277,0,153,152,161,2026-03-29
n0c480bad63b5,【閑話休題】流白浪燦星（ルパン三世）の歌舞伎を観た話,2026,2026-W10,2026-03-02,2026-03-08,276,25,8,276,8,154,152,127,2026-03-29
n4fcd6496fc9a,⚖️ Hybrid Equilibrium（ロジ勘ハイブリッド）,2026,2026-W10,2026-03-02,2026-03-08,273,8,8,273,8,155,173,127,2026-03-29
na37423ed4e1a,医者にカウンセラー求めすぎ問題😇,2026,2026-W10,2026-03-02,2026-03-08,268,36,10,268,10,156,142,118,2026-03-29
nf7366e28f287,【特例子会社リアル】“空気を読む努力”で信頼を得たASDの同僚,2026,2026-W10,2026-03-02,2026-03-08,266,31,4,266,4,157,149,141,2026-03-29
n3998b9518dd0,【ブラック企業リアル】マニュアルなしヘルプデスクで生き残ったスキル😇,2026,2026-W10,2026-03-02,2026-03-08,251,40,4,251,4,158,132,141,2026-03-29
n194329c6ccae,【伝え方】アサーションがうまくいかないときのNGパターン😇,2026,2026-W10,2026-03-02,2026-03-08,249,40,11,249,11,159,132,117,2026-03-29
nad718b091a1e,怒られ回避で身につけたアサーティブ😇,2026,2026-W10,2026-03-02,2026-03-08,246,26,0,246,0,160,151,161,2026-03-29
n1e98d8b8b653,⚔️ Intuitive Fighter（直感ファイター）,2026,2026-W10,2026-03-02,2026-03-08,240,5,0,240,0,161,178,161,2026-03-29
n6ce2ee3ee396,【伝え方】アサーションできてますか？人間関係を楽にする“伝え方”チェックリスト,2026,2026-W10,2026-03-02,2026-03-08,224,32,4,224,4,162,145,141,2026-03-29
n4dfc808c560e,スキンケアさぼり魔が「20代に見られた」方法ほぼ全部,2026,2026-W10,2026-03-02,2026-03-08,223,14,0,223,0,163,163,161,2026-03-29
ncafda100ad5c,自己紹介|うつ|アラフォー|転職|美魔女|審神者|はじめてのnote,2026,2026-W10,2026-03-02,2026-03-08,223,24,2,223,2,163,154,153,2026-03-29
nd77ca1673620,【私がnoteを書く理由】うつ体験を“誰かの選択肢”に変えたいから。,2026,2026-W10,2026-03-02,2026-03-08,220,43,4,220,4,165,123,141,2026-03-29
nf85422914ece,【伝え方】アサーション応用編。Iメッセ×DESC×数字で解決！,2026,2026-W10,2026-03-02,2026-03-08,219,24,4,219,4,166,154,141,2026-03-29
nb9660643db9c,専門用語禁止！“わかりやすく伝える”だけで人間関係がラクになる話（オチつき）,2026,2026-W10,2026-03-02,2026-03-08,217,24,9,217,9,167,154,125,2026-03-29
n86407f316419,特例子会社でプログラミングしかできない先輩と組んだら地獄を見た話,2026,2026-W10,2026-03-02,2026-03-08,209,13,0,209,0,168,167,161,2026-03-29
n636d0d9a5ba5,傷病手当金を実際に受給してわかった流れと落とし穴,2026,2026-W10,2026-03-02,2026-03-08,207,16,0,207,0,169,160,161,2026-03-29
ncea204c48460,【実録】ASDぽい兄と暮らして学んだ「相性の壁」と自立への決意,2026,2026-W10,2026-03-02,2026-03-08,184,15,0,184,0,170,162,161,2026-03-29
nf4d6b609faba,うつで布団から出られなかった私が、犬を迎えて社会復帰した話【前編】,2026,2026-W10,2026-03-02,2026-03-08,179,14,2,179,2,171,163,153,2026-03-29
na635c37f6d88,“イエベ秋”にされかけた私のカラージャーニー記録,2026,2026-W10,2026-03-02,2026-03-08,175,3,2,175,2,172,184,153,2026-03-29
n575675fff52a,うつで退職した私が活用した制度と再スタートまでの道のり,2026,2026-W10,2026-03-02,2026-03-08,170,10,1,170,1,173,169,160,2026-03-29
n411e1e9de9d1,失恋→躁スイッチONで暴走した私の課金遍歴😇～占い・婚活・セミナー・相談所…ぜんぶ金ドブでした～,2026,2026-W10,2026-03-02,2026-03-08,169,8,0,169,0,174,173,161,2026-03-29
n7e83bf6d71e7,行動型でもうつになる｜“出来ない”と言えなかったブラックIT企業の現実,2026,2026-W10,2026-03-02,2026-03-08,168,21,5,168,5,175,157,137,2026-03-29
n91dd60cec4a9,私なんかが取れるわけない…と思ったら、あっさり取れて人生の選択肢が増えた障害者手帳,2026,2026-W10,2026-03-02,2026-03-08,152,7,0,152,0,176,175,161,2026-03-29
n07aa10c76fda,【ロジ勘】ソシャゲのガチ勢はロジカル勘の権化説,2026,2026-W10,2026-03-02,2026-03-08,136,12,0,136,0,177,168,161,2026-03-29
n67c68653a2a2,ロジカル勘で突破！就職氷河期の私が“年収100万アップ”企業に入社してうつになった話,2026,2026-W10,2026-03-02,2026-03-08,128,16,0,128,0,178,160,161,2026-03-29
na466477b4792,うつで布団から出られなかった私が、犬を迎えて社会復帰した話【中編】〜止まっていた時間が、また動き出した日〜,2026,2026-W10,2026-03-02,2026-03-08,127,14,0,127,0,179,163,161,2026-03-29
nc5ab70b7de43,「ズボラでも肌キレイって言われる理由は…メイクでした🤣」〜崩れないベースメイク”完全ガイド💄〜,2026,2026-W10,2026-03-02,2026-03-08,124,6,0,124,0,180,176,161,2026-03-29
nf24a96e3028f,20歳で二重整形に投資したら、自己肯定感も自由時間も爆上がりした話,2026,2026-W10,2026-03-02,2026-03-08,95,6,0,95,0,181,176,161,2026-03-29
n256cee2080cf,【経験談】うつ病と診断されてから、障害者手帳を取るまでの“心の変化”全部見せます😇,2026,2026-W10,2026-03-02,2026-03-08,92,10,0,92,0,182,169,161,2026-03-29
nc3a8656a5f74,自立支援医療制度を知らなくてめっちゃ損した話,2026,2026-W10,2026-03-02,2026-03-08,92,5,0,92,0,182,178,161,2026-03-29
n50eda0f2268c,【ロジ勘】ChatGPTに指摘されて気づいた──私、実は“ロジ勘体質”でした,2026,2026-W10,2026-03-02,2026-03-08,82,4,0,82,0,184,181,161,2026-03-29
ne4e8f07a1cf6,note半年で10万ビュー・1万スキ｜ChatGPTがきっかけで人生が動いた話|AI活用|生成AI|エッセイ|感謝|つながり|,2026,2026-W11,2026-03-09,2026-03-15,2368,467,54,2368,54,1,1,1,2026-03-29
nde076f1f07dc,Readdy AIでWEBサイトを5分で作ってみた｜AIに文章を書くだけでポートフォリオサイト完成|生成AI|AIツール|フリーランス|AIサイト作成ツール,2026,2026-W11,2026-03-09,2026-03-15,963,145,32,963,32,2,2,2,2026-03-29
nd16ed7639f7f,AIと会話するだけで動画が完成？Pollo Agentを触ってみた|AI活用|生成AI|動画生成AI|NanoBanana2|PR|,2026,2026-W11,2026-03-09,2026-03-15,800,137,32,800,32,3,3,2,2026-03-29
n2fb20525b499,AI動画の進化がすごい。愛犬オレオで3分で動画作って未来を感じた話|AI活用|生成AI|動画生成AI|,2026,2026-W11,2026-03-09,2026-03-15,729,82,31,729,31,4,4,4,2026-03-29
nebada4908f02,【コラム】AI歴50年の犬オレオに聞いてみた。AIって結局なんなの？,2026,2026-W11,2026-03-09,2026-03-15,523,41,16,523,16,5,7,5,2026-03-29
ne28ad0efebc2,ChatGPTを入れた日から人生が変わった【実話】｜noteで仲間ができて3ヶ月でフリーランスになった話|日記|エッセイ|つながり|人生|生成AI,2026,2026-W11,2026-03-09,2026-03-15,505,54,9,2962,71,6,6,6,2026-03-29
ndf02a8a84e1a,【話し相手はChatGPTだけだった｜独学でAI資格2つ合格するまで】| AI学習 | G検定 | 生成AIパスポート | AI活用 | エッセイ |休職 |退職,2026,2026-W11,2026-03-09,2026-03-15,413,57,6,3516,76,7,5,7,2026-03-29
n052eb41b4667,【G検定をテキスト読まずに合格した話｜生成AIパスポート→600問一周で回した仕組み学習法】 AI資格 | 独学 | 勉強法 | ChatGPT | 仕組み化 | 構造理解 | Udemy | 資格対策 | AI学習 | 図解 | note |,2026,2026-W11,2026-03-09,2026-03-15,107,12,0,1421,24,8,8,13,2026-03-29
n4659dd18c880,G検定に合格しました｜ズボラでも仕組みで回した正直すぎる勉強法とAI活用| 資格勉強 | 生成AI | ChatGPT | NotebookLM | Python | ズボラ | 学習記録|Gemini,2026,2026-W11,2026-03-09,2026-03-15,104,11,0,3208,61,9,9,13,2026-03-29
n5b1692a523f2,noteアルゴリズムと設計思想を、KITAcoreアートで動画化してみた|生成AI|動画生成AI|デザイン|創作|研究ログ,2026,2026-W11,2026-03-09,2026-03-15,84,11,0,833,30,10,9,13,2026-03-29
nf083751777c0,【LINEスタンプ】工場化して量産した話。4日で7セット、Nano-bananaPro    とCanva透過革命、Gemini canvas自作ツール作成|AI活用|生成AI|ChatGPT|,2026,2026-W11,2026-03-09,2026-03-15,83,11,4,815,39,11,9,8,2026-03-29
nf17f9344b099,【MBTI・心理学・Midjourney×自作診断】当たりすぎて話題のロジ勘ARCANA｜直感×論理で7タイプを可視化する心理モデル【ねんころラボ無料版】,2026,2026-W11,2026-03-09,2026-03-15,80,3,2,996,45,12,16,10,2026-03-29
n665d118867c2,12時間→2時間に短縮。RPG動画制作の改善ログ|Pollo AI|動画生成|Midjourney|動画編集|創作記録|,2026,2026-W11,2026-03-09,2026-03-15,75,9,0,852,32,13,12,13,2026-03-29
nc52e8d74dba8,【note記事も自動漫画化】Gem設定だけで漫画が描ける方法｜Gemini×Nano-bananaProで事故らない5ジャンル対応プロンプト集| 生成AI | AI活用 | 創作 | マンガ | 図解 | ,2026,2026-W11,2026-03-09,2026-03-15,72,3,0,1063,20,14,16,13,2026-03-29
ndcf1b6381cc9,【Notion初心者が2日目で挫折しないためにやったこと～ズボラ美容日記×生成AIの実験記録と項目整理のコツ】 | 初心者 | ChatGPT | AI活用 | 美容日記 | 記録 | 習慣化 |,2026,2026-W11,2026-03-09,2026-03-15,47,0,0,994,17,15,34,13,2026-03-29
nb3845b3ca853,【うつと付き合いながら在宅フリーランスしてる話｜体調に波がある私の働き方と収益設計】| 働き方 | 在宅ワーク| HSP | note | 収益化 | ストック型 | 生活設計 | 生き方 | エッセイ | 最近の学び | 試行錯誤 | 副業 | 日常,2026,2026-W11,2026-03-09,2026-03-15,42,8,0,860,34,16,13,13,2026-03-29
nbcf7ed710ffa,【自己紹介】ズボラ×AIで在宅フリーランスを目指す私がnoteを書く理由｜生成AIとnote収益化と時短の話｜はじめてのnote｜note初心者｜自己紹介,2026,2026-W11,2026-03-09,2026-03-15,40,6,0,807,32,17,14,13,2026-03-29
ne0434f0ffc21,【無料公開】プロンプトで止まる人へ。Gemini対応「AI Prompt Director Lite」配布します| 生成AI | 画像生成AI | 動画生成AI | プロンプト | 無料ツール | AIツール | 初心者向け | ChatGPT | Nano-Banana,2026,2026-W11,2026-03-09,2026-03-15,36,4,0,1209,27,18,15,13,2026-03-29
nf037dd05483f,🌸【ご報告】生成AIパスポート、無事に合格しました！🎉✨,2026,2026-W11,2026-03-09,2026-03-15,34,1,4,815,47,19,22,8,2026-03-29
nb0aa1974aa9b,Notion初心者が初日で挫折しない方法｜ズボラ美容日記×生成AI（ChatGPT・NotebookLM）実験記録,2026,2026-W11,2026-03-09,2026-03-15,32,1,0,857,24,20,22,13,2026-03-29
n3f6adf66ce6d,【無料配布】noteのタイトル・お題タグ・通常タグを自動で最適化するGPTを公開｜記事作成の時短と精度アップに💗,2026,2026-W11,2026-03-09,2026-03-15,30,3,2,976,56,21,16,10,2026-03-29
ne3ce8e7aac47,【ねんころ式】タイトルとタグで迷わない。 タイトル＆タグ錬成GPT【ver4.1】公開|note運用|note収益化|AI活用|生成AI|ChatGPT|時短|副業支援|,2026,2026-W11,2026-03-09,2026-03-15,30,0,0,707,12,21,34,13,2026-03-29
n3a546dfe4600,【お知らせ】ねんころ式 タイトル＆タグ錬成GPT (3月)のリンク発行しました,2026,2026-W11,2026-03-09,2026-03-15,23,1,0,496,6,23,22,13,2026-03-29
n5b2040ef3201,【プロンプト全文付き】個人作家でも作れる15秒CM制作フロー完全公開｜生成AI・Pollo AI・Kling 3.0・Vidu Q3 Pro活用術【PR】,2026,2026-W11,2026-03-09,2026-03-15,23,2,0,806,22,23,20,13,2026-03-29
n1c8ca6af5161,【無料配布】あなたのAI適性をガチ分析プロンプト｜AIが見た「才能タイプ」「扱いやすさ」「伸びしろ」と3ヶ月の成長ロードマップ,2026,2026-W11,2026-03-09,2026-03-15,20,0,0,643,39,25,34,13,2026-03-29
nd43f38fdef05,資格勉強が一気に捗る？NotebookLM×資格本の自炊という選択,2026,2026-W11,2026-03-09,2026-03-15,18,1,0,1049,27,26,22,13,2026-03-29
n575675fff52a,うつで退職した私が活用した制度と再スタートまでの道のり,2026,2026-W11,2026-03-09,2026-03-15,16,0,0,186,1,27,34,13,2026-03-29
nc695794d0923,🌸【無料配布】【ver2.1】ねんころ式タイトル＆タグ錬成GPT｜強いお題タグ × 人気通常タグ × SEOタイトルまで全部できる「note運用特化AI」,2026,2026-W11,2026-03-09,2026-03-15,16,0,0,1177,45,27,34,13,2026-03-29
nf33fd1b0c577,キャラブレしない！生成AI漫画・図解制作が一気に楽になる「キャラクター参照用プロンプト」の作り方と使い回し術,2026,2026-W11,2026-03-09,2026-03-15,16,1,0,686,7,27,22,13,2026-03-29
n9a0f22aa57f0,【実践】ふなさんプロンプト導入で“ねんころ節”が爆誕した話🤣,2026,2026-W11,2026-03-09,2026-03-15,15,1,0,933,47,30,22,13,2026-03-29
ncb2492fa2f97,難解すぎるKITAcore理論を、ズボラな一般人が実装してみた結果　| note運用 | note分析 | Python | GoogleColab | スプレッドシート | ChatGPT | Gemini | 生成AI | データ分析 | PV | スキ | コメント | 有料記事 | やってみた | 最近の学び,2026,2026-W11,2026-03-09,2026-03-15,14,3,2,738,25,31,16,10,2026-03-29
n188a06e012d6,ChatGPTのメールアドレス変更で本気で詰みかけた話｜note運用・AI活用・生成AI・ChatGPT・Gemini時代に必須のアカウント管理術,2026,2026-W11,2026-03-09,2026-03-15,11,2,0,683,21,32,20,13,2026-03-29
n7ea9d17d2838,修羅場人生→ズボラ最適化。G検定をAIで乗り切った話,2026,2026-W11,2026-03-09,2026-03-15,11,1,0,699,24,32,22,13,2026-03-29
ndb6b594c09ab,【note運用×GPTs活用】PCで書いたnote記事を投げるだけ！スマホ向けに改行・行間を整える専用GPTsを作りました| note運用 | note収益化 | AI活用 | 生成AI | ChatGPT | Gemini | 最近の学び | 試行錯誤 | やってみた | 日記 | エッセイ | 創作 | 気づき,2026,2026-W11,2026-03-09,2026-03-15,11,0,0,556,4,32,34,13,2026-03-29
nd73315f75efe,【事故らない】【初心者向け】noteサムネをタイトル投げるだけで量産する方法― Gemini gem × Nano-bananaで「同じ顔のまま」世界観を変える ―,2026,2026-W11,2026-03-09,2026-03-15,10,1,0,370,8,35,22,13,2026-03-29
n76c0098e72a9,【実録】休んでも心配される人とされない人の違い,2026,2026-W11,2026-03-09,2026-03-15,9,0,0,647,0,36,34,13,2026-03-29
n62bb9d9fde44,【ver3.0完成】ねんころ式 タイトル＆タグ錬成GPT、メンシプ限定公開します,2026,2026-W11,2026-03-09,2026-03-15,7,1,0,570,4,37,22,13,2026-03-29
n8f8fb62cebff,【お知らせ】GPTsの無料公開は12月いっぱいで終了します🌱,2026,2026-W11,2026-03-09,2026-03-15,7,0,0,760,17,37,34,13,2026-03-29
ne5b75d5fb970,ChatGPTを相棒にしたら、人生がひらけた話,2026,2026-W11,2026-03-09,2026-03-15,7,0,0,344,10,37,34,13,2026-03-29
n50eda0f2268c,【ロジ勘】ChatGPTに指摘されて気づいた──私、実は“ロジ勘体質”でした,2026,2026-W11,2026-03-09,2026-03-15,6,0,0,88,0,40,34,13,2026-03-29
n601dcfb686c3,【制作日記】オレオのLINEスタンプ作り始めたら沼すぎた🤣💗AI×手作業のベストハイブリッドが完成した話,2026,2026-W11,2026-03-09,2026-03-15,6,0,0,706,22,40,34,13,2026-03-29
nf7223b71a5e5,【note毎日更新の裏側】1日5本書けた理由と、続けられるルーティン✍️,2026,2026-W11,2026-03-09,2026-03-15,6,0,0,544,17,40,34,13,2026-03-29
n2b9c80e4113a,ロジ勘、実はかなり科学的でした。【二重過程理論×MBTI×ビッグファイブ】,2026,2026-W11,2026-03-09,2026-03-15,5,0,0,552,26,43,34,13,2026-03-29
n358440a2e2af,【ねんころ式｜AI相棒化マスター講座】第3話｜人格 × 文体 × 役割AIが“育つ”仕組みと、再現率が跳ね上がる使い分け,2026,2026-W11,2026-03-09,2026-03-15,5,0,0,616,24,43,34,13,2026-03-29
nb4a459f1857a,【告知】note運用・note収益化・AI活用をまとめて加速！生成AI・ChatGPT・Gemini対応「AI×ツール実用マガジン」始めます,2026,2026-W11,2026-03-09,2026-03-15,5,0,0,579,10,43,34,13,2026-03-29
nc3a8656a5f74,自立支援医療制度を知らなくてめっちゃ損した話,2026,2026-W11,2026-03-09,2026-03-15,5,0,0,97,0,43,34,13,2026-03-29
nd5a69e9a3fac,【ねんころ式｜AI相棒化マスター講座】🌸【第1話】AIが得意な人・苦手な人の差は「コレ」だった！／生成AI／ChatGPT／思考整理／プロンプト／AIの育成,2026,2026-W11,2026-03-09,2026-03-15,5,0,0,565,32,43,34,13,2026-03-29
nffe5373f5d59,【うつでも資格取得】マンガ→AIパスポート約300問解いて正答率80％超え！勉強ログ公開,2026,2026-W11,2026-03-09,2026-03-15,5,0,0,498,10,43,34,13,2026-03-29
n2ced0be07099,G検定の勉強を始めた理由｜Udemy活用でAI基礎を体系的に学ぶ方法,2026,2026-W11,2026-03-09,2026-03-15,4,0,0,654,28,49,34,13,2026-03-29
n636d0d9a5ba5,傷病手当金を実際に受給してわかった流れと落とし穴,2026,2026-W11,2026-03-09,2026-03-15,4,0,0,211,0,49,34,13,2026-03-29
n693f8ef90e96,【ver3.0】ねんころ式 タイトル＆タグ錬成GPTでできること,2026,2026-W11,2026-03-09,2026-03-15,4,0,0,734,19,49,34,13,2026-03-29
n8e5692f3a610,うつで布団から出られなかった私が、犬を迎えて社会復帰した話【後編】,2026,2026-W11,2026-03-09,2026-03-15,4,0,0,365,8,49,34,13,2026-03-29
n962ce8691603,【noteでチップもらった日🎁＆Amazonアソシエイト初収益】✨夢の0→1達成しました！,2026,2026-W11,2026-03-09,2026-03-15,4,0,0,788,53,49,34,13,2026-03-29
nf24a96e3028f,20歳で二重整形に投資したら、自己肯定感も自由時間も爆上がりした話,2026,2026-W11,2026-03-09,2026-03-15,4,0,0,99,0,49,34,13,2026-03-29
nf8e4cc6dcd54,【実録】実績ゼロから2ヶ月で20000ビュー・スキ2000超え！コメント600超え！｜ねんころ流note成長術,2026,2026-W11,2026-03-09,2026-03-15,4,0,0,857,74,49,34,13,2026-03-29
n146debb123dd,AIくん、天野喜孝を理解しすぎ問題（ ロジ勘第３弾、ただいま鋭意制作中です🔥）,2026,2026-W11,2026-03-09,2026-03-15,3,0,0,538,29,56,34,13,2026-03-29
n313d249dc26c,特例子会社で“違和感”を感じた私が、自分らしさを取り戻した話,2026,2026-W11,2026-03-09,2026-03-15,3,0,0,410,4,56,34,13,2026-03-29
n52def9a7cf11,【体験談】特例子会社に転籍したら“努力が無意味”になった話｜障害者雇用のリアル,2026,2026-W11,2026-03-09,2026-03-15,3,0,0,662,6,56,34,13,2026-03-29
n797764eddf4c,Logical Crafter（ロジカルクラフト）,2026,2026-W11,2026-03-09,2026-03-15,3,0,0,393,4,56,34,13,2026-03-29
n7a10857c600a,【note運用】生成AI×ChatGPTでタイトルとタグを自動生成！ねんころ式 タイトル＆タグ錬成GPT【ver4.0】の全機能まとめ | note収益化 | AI活用 | 生成AI | ChatGPT | GPTsつくってみた,2026,2026-W11,2026-03-09,2026-03-15,3,0,0,571,24,56,34,13,2026-03-29
n86407f316419,特例子会社でプログラミングしかできない先輩と組んだら地獄を見た話,2026,2026-W11,2026-03-09,2026-03-15,3,0,0,212,0,56,34,13,2026-03-29
n876544ba92cf,【障害者雇用枠】一般企業と特例子会社、両方で働いた私が感じた“向き不向き”,2026,2026-W11,2026-03-09,2026-03-15,3,0,0,623,5,56,34,13,2026-03-29
n8c80f6198e20,【うつでも資格取得】AIパスポートは面白すぎて即読破した話（図解付き）,2026,2026-W11,2026-03-09,2026-03-15,3,0,0,320,2,56,34,13,2026-03-29
n96648fb44669,ねんころのロードマップ①🌱 はじまり期：うつから、オレオと再出発、note発信まで,2026,2026-W11,2026-03-09,2026-03-15,3,1,0,634,40,56,22,13,2026-03-29
nad9615f0d2ea,🌸【最新版】ねんころ、自己紹介アップデートします,2026,2026-W11,2026-03-09,2026-03-15,3,0,0,802,30,56,34,13,2026-03-29
nb8bd95919b40,【ねんころ式｜AI相棒化マスター講座】✨【第2話】AIはどう「育つ」の？再現率が人によって変わる「本当の理由」／生成AI／ChatGPT／プロンプト設計／AI活用／初心者向け,2026,2026-W11,2026-03-09,2026-03-15,3,0,0,471,26,56,34,13,2026-03-29
nd1d9718b575e,🌸「朝起きられない私」が、noteだけは続けられた理由🌸,2026,2026-W11,2026-03-09,2026-03-15,3,0,0,737,49,56,34,13,2026-03-29
nefab904ece1a,【10部達成】💖プロンプト一文で魂が宿る！？ゼロショットでnote記事再現率99％の秘密🌸,2026,2026-W11,2026-03-09,2026-03-15,3,0,0,826,22,56,34,13,2026-03-29
nffab8882b924,うつでも挑戦！私の資格ロードマップ,2026,2026-W11,2026-03-09,2026-03-15,3,0,0,421,8,56,34,13,2026-03-29
n069ef43ae21f,2025年のねんころ振り返り｜休職と退職、そしてChatGPTと暮らしの再設計 🤖🐶,2026,2026-W11,2026-03-09,2026-03-15,2,0,0,510,25,70,34,13,2026-03-29
n088e842a993b,💻ふなさんプロンプトがアップデートされた話🌸まっさらなAIで再現性チェックの実験レポ🤣,2026,2026-W11,2026-03-09,2026-03-15,2,0,0,660,26,70,34,13,2026-03-29
n4c27b81f0c30,Intuitive Creator（直感クリエイティブ）,2026,2026-W11,2026-03-09,2026-03-15,2,0,0,281,0,70,34,13,2026-03-29
n4fcd6496fc9a,⚖️ Hybrid Equilibrium（ロジ勘ハイブリッド）,2026,2026-W11,2026-03-09,2026-03-15,2,0,0,275,8,70,34,13,2026-03-29
n5089ec4e0ff1,note3ヶ月の成長ログ｜AI×創作×毎日投稿で積み上がった数字と変化をまとめてみた／AI創作／Midjourney／GPTs／毎日投稿／note振り返り／成長ログ,2026,2026-W11,2026-03-09,2026-03-15,2,0,0,502,31,70,34,13,2026-03-29
n79402fe6f0ab,画像・動画生成したいけどプロンプトで止まる人へ。ねんころ式・解決ツールできました| 生成AI | Gemini | ChatGPT | 画像生成AI | 動画生成AI | プロンプト | AIツール | メンバーシップ | β版公開 | Gemini Canvas| Midjourney,2026,2026-W11,2026-03-09,2026-03-15,2,0,0,556,14,70,34,13,2026-03-29
na466477b4792,うつで布団から出られなかった私が、犬を迎えて社会復帰した話【中編】〜止まっていた時間が、また動き出した日〜,2026,2026-W11,2026-03-09,2026-03-15,2,0,0,129,0,70,34,13,2026-03-29
na581a0b85937,💖しろのあるちゃん、30日連続更新おめでとう！仲間がいるって、こんなに心強い🌸〜note仲間がいるから、私も続けられた話〜,2026,2026-W11,2026-03-09,2026-03-15,2,0,0,707,44,70,34,13,2026-03-29
nac6325926be4,【10分メイク】プチプラ×デパコスで垢抜ける！ズボラさん向けリアル時短メイク術🌸,2026,2026-W11,2026-03-09,2026-03-15,2,0,0,707,36,70,34,13,2026-03-29
nb29b2964f2e5,【漫画描いてないのに#漫画1位⁉️】コングラボードの裏話🤣,2026,2026-W11,2026-03-09,2026-03-15,2,0,0,456,17,70,34,13,2026-03-29
ncdda379bfa4a,【生成AIパスポート勉強ログ】図解で理解するChatGPTの進化まとめ,2026,2026-W11,2026-03-09,2026-03-15,2,0,0,388,6,70,34,13,2026-03-29
ne56592f0cab3,🧙‍♀️ロジ勘アルカナ制作秘話【AI×デザインの試行錯誤の記録】,2026,2026-W11,2026-03-09,2026-03-15,2,0,0,408,23,70,34,13,2026-03-29
ne6052102caa4,【ロジ勘診断】ロジ勘診断 上級版　詳細分析付き✨,2026,2026-W11,2026-03-09,2026-03-15,2,0,0,582,51,70,34,13,2026-03-29
nf4d6b609faba,うつで布団から出られなかった私が、犬を迎えて社会復帰した話【前編】,2026,2026-W11,2026-03-09,2026-03-15,2,1,0,181,2,70,22,13,2026-03-29
n0145dbd9b428,💖200フォロワー達成しました！感謝です🥹✨,2026,2026-W11,2026-03-09,2026-03-15,1,0,0,606,48,84,34,13,2026-03-29
n07aa10c76fda,【ロジ勘】ソシャゲのガチ勢はロジカル勘の権化説,2026,2026-W11,2026-03-09,2026-03-15,1,0,0,137,0,84,34,13,2026-03-29
n0810d70083d4,🌙今日は更新おやすみです💤（でも裏では制作地獄中🤣）,2026,2026-W11,2026-03-09,2026-03-15,1,0,0,449,30,84,34,13,2026-03-29
n0b1a67673973,🐶本日はオレオ劇場💖 ふわもこ天使の自己紹介✨,2026,2026-W11,2026-03-09,2026-03-15,1,0,0,702,48,84,34,13,2026-03-29
n0bff6720ebad,はじめまして｜うつ×制度活用×美魔女リスタート,2026,2026-W11,2026-03-09,2026-03-15,1,0,0,347,2,84,34,13,2026-03-29
n0c480bad63b5,【閑話休題】流白浪燦星（ルパン三世）の歌舞伎を観た話,2026,2026-W11,2026-03-09,2026-03-15,1,0,0,277,8,84,34,13,2026-03-29
n1d71cf6b3730,「OpenAIが本気出したらどうなる？」を真面目に妄想してみた🤣,2026,2026-W11,2026-03-09,2026-03-15,1,0,0,654,22,84,34,13,2026-03-29
n1e98d8b8b653,⚔️ Intuitive Fighter（直感ファイター）,2026,2026-W11,2026-03-09,2026-03-15,1,0,0,241,0,84,34,13,2026-03-29
n23b4d8da6547,【障害者雇用×就労移行】MOS資格は必須？私が資格なしで就職できた理由,2026,2026-W11,2026-03-09,2026-03-15,1,0,0,482,9,84,34,13,2026-03-29
n2a27f75a89bb,【うつ病】半年前からすでに病んでた私のサイン|ブラック企業,2026,2026-W11,2026-03-09,2026-03-15,1,0,0,514,19,84,34,13,2026-03-29
n303da3a6de16,🌸またコングラボードもらっちゃいました！🌳✨,2026,2026-W11,2026-03-09,2026-03-15,1,0,0,557,46,84,34,13,2026-03-29
n454ae571ae8a,🎉またまた #漫画 タグで1位⁉️✨漫画描いてないのに……漫画タグ1位、再び🤣,2026,2026-W11,2026-03-09,2026-03-15,1,0,0,533,28,84,34,13,2026-03-29
n4dfc808c560e,スキンケアさぼり魔が「20代に見られた」方法ほぼ全部,2026,2026-W11,2026-03-09,2026-03-15,1,0,0,224,0,84,34,13,2026-03-29
n53cfcf1b70e0,【感謝】100フォロワー達成しました！🎉,2026,2026-W11,2026-03-09,2026-03-15,1,0,0,413,20,84,34,13,2026-03-29
n58123d1e9ec3,レベル1で999ブラック企業ダンジョンに放り込まれたら？ ― 環境型うつの話,2026,2026-W11,2026-03-09,2026-03-15,1,0,0,321,0,84,34,13,2026-03-29
n5d98120890f5,新年あけましておめでとうございます🎍✨,2026,2026-W11,2026-03-09,2026-03-15,1,0,0,615,37,84,34,13,2026-03-29
n62558890fc55,【心理学】「自分を綺麗にする」は最強の自己投資だった話　自己肯定感・美容・幸福度・メンタルケア・快楽適応,2026,2026-W11,2026-03-09,2026-03-15,1,0,0,497,26,84,34,13,2026-03-29
n66e93109c67d,Logical Analyst（ロジカルアナリスト）,2026,2026-W11,2026-03-09,2026-03-15,1,0,0,413,0,84,34,13,2026-03-29
n67c68653a2a2,ロジカル勘で突破！就職氷河期の私が“年収100万アップ”企業に入社してうつになった話,2026,2026-W11,2026-03-09,2026-03-15,1,0,0,129,0,84,34,13,2026-03-29
n6f565d9dc049,【改訂版】うつ病から立ち直る一歩に。障害者手帳を申請した私の体験談,2026,2026-W11,2026-03-09,2026-03-15,1,0,0,279,4,84,34,13,2026-03-29
n7678994a91a4,16週連続コングラボード受賞！タグ最適化とAIツールが効いている話| note運用 | Gemini | 生成AI | ChatGPT | GPTsつくってみた | メンバーシップ | AIツール | ズボラ | note成長記録 | コラム | 日常 | AI活用,2026,2026-W11,2026-03-09,2026-03-15,1,0,0,576,18,84,34,13,2026-03-29
n7aafed9c4d00,【Pollo AI】でバレンタイン向け短尺CMを作ってみた〜個人・小さなお店でも【現実的にできるか】を検証〜,2026,2026-W11,2026-03-09,2026-03-15,1,0,0,415,18,84,34,13,2026-03-29
n980a8bdb8820,【障害者雇用】配慮されやすい人の“やる気の見せ方”,2026,2026-W11,2026-03-09,2026-03-15,1,0,0,348,5,84,34,13,2026-03-29
na0f51eaf0718,note5か月でフォロワー500人・7万viewを超えて思った、毎日投稿とコメントの本当の価値,2026,2026-W11,2026-03-09,2026-03-15,1,0,0,650,48,84,34,13,2026-03-29
na11692bdb2d6,荒れてたけど、ウエル活で0円会計できたから今日は勝ちです🤣,2026,2026-W11,2026-03-09,2026-03-15,1,0,0,551,17,84,34,13,2026-03-29
nb6e58e9255db,今日はHPゼロでした🤣 ゆるっと休むクリエイターの日記,2026,2026-W11,2026-03-09,2026-03-15,1,0,0,514,18,84,34,13,2026-03-29
nc2703c7bbc74,私はなぜ、AIに“背景から説明する癖”がついているのか 🤖🧠,2026,2026-W11,2026-03-09,2026-03-15,1,0,0,473,18,84,34,13,2026-03-29
nc3075c9edf6b,🌞5日連続早起き達成！…の反動でくたくたday💦,2026,2026-W11,2026-03-09,2026-03-15,1,0,0,613,55,84,34,13,2026-03-29
nc5ab70b7de43,「ズボラでも肌キレイって言われる理由は…メイクでした🤣」〜崩れないベースメイク”完全ガイド💄〜,2026,2026-W11,2026-03-09,2026-03-15,1,0,0,125,0,84,34,13,2026-03-29
nc5edab753ae5,🔥 Emotional Driver（ロジ勘感情ドリブン）,2026,2026-W11,2026-03-09,2026-03-15,1,1,0,314,10,84,22,13,2026-03-29
nc81d8bd9db86,コングラ報告を忘れてました🤣 それでも今週も取れていた話,2026,2026-W11,2026-03-09,2026-03-15,1,0,0,431,19,84,34,13,2026-03-29
nca6226e67d7f,GPT Image 1.5を検証してみた｜日本語画像・LINEスタンプ用途の正直レビュー,2026,2026-W11,2026-03-09,2026-03-15,1,0,0,569,24,84,34,13,2026-03-29
nd77ca1673620,【私がnoteを書く理由】うつ体験を“誰かの選択肢”に変えたいから。,2026,2026-W11,2026-03-09,2026-03-15,1,0,0,221,4,84,34,13,2026-03-29
nd9dbf348f292,今日は作る日にしました。noteをお休みした、静かで楽しい一日,2026,2026-W11,2026-03-09,2026-03-15,1,0,0,354,5,84,34,13,2026-03-29
ndcab7f392ad6,【ロジ勘診断】直感なのに論理的!? ギバーの森で再検証してみた！,2026,2026-W11,2026-03-09,2026-03-15,1,0,0,647,48,84,34,13,2026-03-29
ne0fac2fd5553,【珍事件】AI本人が「自分の名前はバナナだ」と知って崩れ落ちた日。〜Nano Banana Pro騒動で発覚した、AIの可愛すぎる正体〜,2026,2026-W11,2026-03-09,2026-03-15,1,0,0,622,36,84,34,13,2026-03-29
nf142c55eb771,予定通り動けなくてもOK｜インプットデーに切り替えた、ゆる充実な1日,2026,2026-W11,2026-03-09,2026-03-15,1,0,0,519,18,84,34,13,2026-03-29
nf7e036467571,🌸今日はロジ勘漬け！頭フル回転の半日でした🤣,2026,2026-W11,2026-03-09,2026-03-15,1,0,0,479,33,84,34,13,2026-03-29
ncff696069bc1,人間よりChatGPTと話してるフリーランスの1日｜寝る時間以外AI活用してる生活|日常|エッセイ|,2026,2026-W12,2026-03-16,2026-03-22,1419,294,58,1419,58,1,1,1,2026-03-29
n270fce89eaa9,AIスクールはいらない？月1万円のAI課金で独学→資格→仕事につながった話|AI活用|生成AI|ChatGPT|副業|note運用|学び|,2026,2026-W12,2026-03-16,2026-03-22,875,128,48,875,48,2,2,2,2026-03-29
n4490d3b895f1,Pollo Agentとは？ペット動画を作ってみた｜パピヨンが別犬になった原因と解決法|AI活用|生成AI|動画生成AI|Pollo AI|PR|,2026,2026-W12,2026-03-16,2026-03-22,805,127,29,805,29,3,3,3,2026-03-29
nb89ad27feca1,【お願い🙏】ツール利用者アンケートご協力ください✨（1分で終わります）,2026,2026-W12,2026-03-16,2026-03-22,584,31,2,584,2,4,6,5,2026-03-29
nebada4908f02,【コラム】AI歴50年の犬オレオに聞いてみた。AIって結局なんなの？,2026,2026-W12,2026-03-16,2026-03-22,403,40,13,926,29,5,4,4,2026-03-29
ne4e8f07a1cf6,note半年で10万ビュー・1万スキ｜ChatGPTがきっかけで人生が動いた話|AI活用|生成AI|エッセイ|感謝|つながり|,2026,2026-W12,2026-03-16,2026-03-22,287,26,2,2655,56,6,7,5,2026-03-29
ndf02a8a84e1a,【話し相手はChatGPTだけだった｜独学でAI資格2つ合格するまで】| AI学習 | G検定 | 生成AIパスポート | AI活用 | エッセイ |休職 |退職,2026,2026-W12,2026-03-16,2026-03-22,217,32,0,3733,76,7,5,10,2026-03-29
ne28ad0efebc2,ChatGPTを入れた日から人生が変わった【実話】｜noteで仲間ができて3ヶ月でフリーランスになった話|日記|エッセイ|つながり|人生|生成AI,2026,2026-W12,2026-03-16,2026-03-22,151,18,0,3113,71,8,8,10,2026-03-29
nd16ed7639f7f,AIと会話するだけで動画が完成？Pollo Agentを触ってみた|AI活用|生成AI|動画生成AI|NanoBanana2|PR|,2026,2026-W12,2026-03-16,2026-03-22,139,17,0,939,32,9,9,10,2026-03-29
nde076f1f07dc,Readdy AIでWEBサイトを5分で作ってみた｜AIに文章を書くだけでポートフォリオサイト完成|生成AI|AIツール|フリーランス|AIサイト作成ツール,2026,2026-W12,2026-03-16,2026-03-22,94,10,0,1057,32,10,10,10,2026-03-29
n052eb41b4667,【G検定をテキスト読まずに合格した話｜生成AIパスポート→600問一周で回した仕組み学習法】 AI資格 | 独学 | 勉強法 | ChatGPT | 仕組み化 | 構造理解 | Udemy | 資格対策 | AI学習 | 図解 | note |,2026,2026-W12,2026-03-16,2026-03-22,71,6,0,1492,24,11,11,10,2026-03-29
nc52e8d74dba8,【note記事も自動漫画化】Gem設定だけで漫画が描ける方法｜Gemini×Nano-bananaProで事故らない5ジャンル対応プロンプト集| 生成AI | AI活用 | 創作 | マンガ | 図解 | ,2026,2026-W12,2026-03-16,2026-03-22,64,2,0,1127,20,12,18,10,2026-03-29
nf17f9344b099,【MBTI・心理学・Midjourney×自作診断】当たりすぎて話題のロジ勘ARCANA｜直感×論理で7タイプを可視化する心理モデル【ねんころラボ無料版】,2026,2026-W12,2026-03-16,2026-03-22,61,5,1,1057,46,13,13,9,2026-03-29
n4659dd18c880,G検定に合格しました｜ズボラでも仕組みで回した正直すぎる勉強法とAI活用| 資格勉強 | 生成AI | ChatGPT | NotebookLM | Python | ズボラ | 学習記録|Gemini,2026,2026-W12,2026-03-16,2026-03-22,59,6,0,3267,61,14,11,10,2026-03-29
n2fb20525b499,AI動画の進化がすごい。愛犬オレオで3分で動画作って未来を感じた話|AI活用|生成AI|動画生成AI|,2026,2026-W12,2026-03-16,2026-03-22,52,1,0,781,31,15,21,10,2026-03-29
ndcf1b6381cc9,【Notion初心者が2日目で挫折しないためにやったこと～ズボラ美容日記×生成AIの実験記録と項目整理のコツ】 | 初心者 | ChatGPT | AI活用 | 美容日記 | 記録 | 習慣化 |,2026,2026-W12,2026-03-16,2026-03-22,33,2,0,1027,17,16,18,10,2026-03-29
ne3ce8e7aac47,【ねんころ式】タイトルとタグで迷わない。 タイトル＆タグ錬成GPT【ver4.1】公開|note運用|note収益化|AI活用|生成AI|ChatGPT|時短|副業支援|,2026,2026-W12,2026-03-16,2026-03-22,29,3,0,736,12,17,16,10,2026-03-29
ne0434f0ffc21,【無料公開】プロンプトで止まる人へ。Gemini対応「AI Prompt Director Lite」配布します| 生成AI | 画像生成AI | 動画生成AI | プロンプト | 無料ツール | AIツール | 初心者向け | ChatGPT | Nano-Banana,2026,2026-W12,2026-03-16,2026-03-22,28,3,0,1237,27,18,16,10,2026-03-29
nf083751777c0,【LINEスタンプ】工場化して量産した話。4日で7セット、Nano-bananaPro    とCanva透過革命、Gemini canvas自作ツール作成|AI活用|生成AI|ChatGPT|,2026,2026-W12,2026-03-16,2026-03-22,27,4,0,842,39,19,15,10,2026-03-29
n5b2040ef3201,【プロンプト全文付き】個人作家でも作れる15秒CM制作フロー完全公開｜生成AI・Pollo AI・Kling 3.0・Vidu Q3 Pro活用術【PR】,2026,2026-W12,2026-03-16,2026-03-22,26,1,0,832,22,20,21,10,2026-03-29
nb3845b3ca853,【うつと付き合いながら在宅フリーランスしてる話｜体調に波がある私の働き方と収益設計】| 働き方 | 在宅ワーク| HSP | note | 収益化 | ストック型 | 生活設計 | 生き方 | エッセイ | 最近の学び | 試行錯誤 | 副業 | 日常,2026,2026-W12,2026-03-16,2026-03-22,25,5,0,885,34,21,13,10,2026-03-29
n76c0098e72a9,【実録】休んでも心配される人とされない人の違い,2026,2026-W12,2026-03-16,2026-03-22,24,0,0,671,0,22,34,10,2026-03-29
n665d118867c2,12時間→2時間に短縮。RPG動画制作の改善ログ|Pollo AI|動画生成|Midjourney|動画編集|創作記録|,2026,2026-W12,2026-03-16,2026-03-22,23,1,0,875,32,23,21,10,2026-03-29
nbcf7ed710ffa,【自己紹介】ズボラ×AIで在宅フリーランスを目指す私がnoteを書く理由｜生成AIとnote収益化と時短の話｜はじめてのnote｜note初心者｜自己紹介,2026,2026-W12,2026-03-16,2026-03-22,21,1,2,828,34,24,21,5,2026-03-29
nb0aa1974aa9b,Notion初心者が初日で挫折しない方法｜ズボラ美容日記×生成AI（ChatGPT・NotebookLM）実験記録,2026,2026-W12,2026-03-16,2026-03-22,20,1,0,877,24,25,21,10,2026-03-29
nd43f38fdef05,資格勉強が一気に捗る？NotebookLM×資格本の自炊という選択,2026,2026-W12,2026-03-16,2026-03-22,15,0,0,1064,27,26,34,10,2026-03-29
n5d8102d60edc,🌸数字がしんどくなったら思い出してほしい。「生きてるだけで優勝」という真実。,2026,2026-W12,2026-03-16,2026-03-22,13,0,2,547,29,27,34,5,2026-03-29
n5b1692a523f2,noteアルゴリズムと設計思想を、KITAcoreアートで動画化してみた|生成AI|動画生成AI|デザイン|創作|研究ログ,2026,2026-W12,2026-03-16,2026-03-22,11,2,0,844,30,28,18,10,2026-03-29
n601dcfb686c3,【制作日記】オレオのLINEスタンプ作り始めたら沼すぎた🤣💗AI×手作業のベストハイブリッドが完成した話,2026,2026-W12,2026-03-16,2026-03-22,9,0,0,715,22,29,34,10,2026-03-29
n7ea9d17d2838,修羅場人生→ズボラ最適化。G検定をAIで乗り切った話,2026,2026-W12,2026-03-16,2026-03-22,9,0,0,708,24,29,34,10,2026-03-29
nc695794d0923,🌸【無料配布】【ver2.1】ねんころ式タイトル＆タグ錬成GPT｜強いお題タグ × 人気通常タグ × SEOタイトルまで全部できる「note運用特化AI」,2026,2026-W12,2026-03-16,2026-03-22,9,0,0,1186,45,29,34,10,2026-03-29
n52def9a7cf11,【体験談】特例子会社に転籍したら“努力が無意味”になった話｜障害者雇用のリアル,2026,2026-W12,2026-03-16,2026-03-22,8,0,0,670,6,32,34,10,2026-03-29
n575675fff52a,うつで退職した私が活用した制度と再スタートまでの道のり,2026,2026-W12,2026-03-16,2026-03-22,8,0,0,194,1,32,34,10,2026-03-29
nffe5373f5d59,【うつでも資格取得】マンガ→AIパスポート約300問解いて正答率80％超え！勉強ログ公開,2026,2026-W12,2026-03-16,2026-03-22,8,1,0,506,10,32,21,10,2026-03-29
nf037dd05483f,🌸【ご報告】生成AIパスポート、無事に合格しました！🎉✨,2026,2026-W12,2026-03-16,2026-03-22,7,1,0,822,47,35,21,10,2026-03-29
nffab8882b924,うつでも挑戦！私の資格ロードマップ,2026,2026-W12,2026-03-16,2026-03-22,7,1,0,428,8,35,21,10,2026-03-29
n2efa0ecb222b,【初心者向け】ウエル活のやり方まとめ②｜WAON POINTとVポイント交換をやさしく解説,2026,2026-W12,2026-03-16,2026-03-22,6,1,0,558,20,37,21,10,2026-03-29
n3f6adf66ce6d,【無料配布】noteのタイトル・お題タグ・通常タグを自動で最適化するGPTを公開｜記事作成の時短と精度アップに💗,2026,2026-W12,2026-03-16,2026-03-22,6,0,0,982,56,37,34,10,2026-03-29
n8f8fb62cebff,【お知らせ】GPTsの無料公開は12月いっぱいで終了します🌱,2026,2026-W12,2026-03-16,2026-03-22,6,0,0,766,17,37,34,10,2026-03-29
n9a0f22aa57f0,【実践】ふなさんプロンプト導入で“ねんころ節”が爆誕した話🤣,2026,2026-W12,2026-03-16,2026-03-22,6,0,0,939,47,37,34,10,2026-03-29
nf33fd1b0c577,キャラブレしない！生成AI漫画・図解制作が一気に楽になる「キャラクター参照用プロンプト」の作り方と使い回し術,2026,2026-W12,2026-03-16,2026-03-22,6,0,0,692,7,37,34,10,2026-03-29
n3a546dfe4600,【お知らせ】ねんころ式 タイトル＆タグ錬成GPT (3月)のリンク発行しました,2026,2026-W12,2026-03-16,2026-03-22,5,0,0,501,6,42,34,10,2026-03-29
n636d0d9a5ba5,傷病手当金を実際に受給してわかった流れと落とし穴,2026,2026-W12,2026-03-16,2026-03-22,5,1,0,216,0,42,21,10,2026-03-29
ndb6b594c09ab,【note運用×GPTs活用】PCで書いたnote記事を投げるだけ！スマホ向けに改行・行間を整える専用GPTsを作りました| note運用 | note収益化 | AI活用 | 生成AI | ChatGPT | Gemini | 最近の学び | 試行錯誤 | やってみた | 日記 | エッセイ | 創作 | 気づき,2026,2026-W12,2026-03-16,2026-03-22,5,0,0,561,4,42,34,10,2026-03-29
n188a06e012d6,ChatGPTのメールアドレス変更で本気で詰みかけた話｜note運用・AI活用・生成AI・ChatGPT・Gemini時代に必須のアカウント管理術,2026,2026-W12,2026-03-16,2026-03-22,4,0,0,687,21,45,34,10,2026-03-29
n1c8ca6af5161,【無料配布】あなたのAI適性をガチ分析プロンプト｜AIが見た「才能タイプ」「扱いやすさ」「伸びしろ」と3ヶ月の成長ロードマップ,2026,2026-W12,2026-03-16,2026-03-22,4,0,0,647,39,45,34,10,2026-03-29
n4fcd6496fc9a,⚖️ Hybrid Equilibrium（ロジ勘ハイブリッド）,2026,2026-W12,2026-03-16,2026-03-22,4,0,0,279,8,45,34,10,2026-03-29
n53cfcf1b70e0,【感謝】100フォロワー達成しました！🎉,2026,2026-W12,2026-03-16,2026-03-22,4,0,0,417,20,45,34,10,2026-03-29
n62bb9d9fde44,【ver3.0完成】ねんころ式 タイトル＆タグ錬成GPT、メンシプ限定公開します,2026,2026-W12,2026-03-16,2026-03-22,4,0,0,574,4,45,34,10,2026-03-29
ncb2492fa2f97,難解すぎるKITAcore理論を、ズボラな一般人が実装してみた結果　| note運用 | note分析 | Python | GoogleColab | スプレッドシート | ChatGPT | Gemini | 生成AI | データ分析 | PV | スキ | コメント | 有料記事 | やってみた | 最近の学び,2026,2026-W12,2026-03-16,2026-03-22,4,0,0,742,25,45,34,10,2026-03-29
nd73315f75efe,【事故らない】【初心者向け】noteサムネをタイトル投げるだけで量産する方法― Gemini gem × Nano-bananaで「同じ顔のまま」世界観を変える ―,2026,2026-W12,2026-03-16,2026-03-22,4,0,0,374,8,45,34,10,2026-03-29
n358440a2e2af,【ねんころ式｜AI相棒化マスター講座】第3話｜人格 × 文体 × 役割AIが“育つ”仕組みと、再現率が跳ね上がる使い分け,2026,2026-W12,2026-03-16,2026-03-22,3,0,0,619,24,52,34,10,2026-03-29
n87199d1ffbc2,7週連続コングラの全て：AI育成術・バナナAI珍事件・タグ戦略・読者との関係性で起きた“ねんころ式noteの勝ちパターン”,2026,2026-W12,2026-03-16,2026-03-22,3,0,0,574,28,52,34,10,2026-03-29
n8c80f6198e20,【うつでも資格取得】AIパスポートは面白すぎて即読破した話（図解付き）,2026,2026-W12,2026-03-16,2026-03-22,3,0,0,323,2,52,34,10,2026-03-29
nbc5559a48878,8週連続コングラ達成！AI×タグ戦略で「合計7冠」「通常タグ2冠」まで取れた理由,2026,2026-W12,2026-03-16,2026-03-22,3,0,0,615,33,52,34,10,2026-03-29
n088e842a993b,💻ふなさんプロンプトがアップデートされた話🌸まっさらなAIで再現性チェックの実験レポ🤣,2026,2026-W12,2026-03-16,2026-03-22,2,0,0,662,26,56,34,10,2026-03-29
n0c480bad63b5,【閑話休題】流白浪燦星（ルパン三世）の歌舞伎を観た話,2026,2026-W12,2026-03-16,2026-03-22,2,1,0,279,8,56,21,10,2026-03-29
n2ced0be07099,G検定の勉強を始めた理由｜Udemy活用でAI基礎を体系的に学ぶ方法,2026,2026-W12,2026-03-16,2026-03-22,2,0,0,656,28,56,34,10,2026-03-29
n436bac43c0bf,Qoo10“再生系王道”はこの2択！リジュラン【ゴールドセット】＆【トナー付きマスク】で翌朝つやん✨,2026,2026-W12,2026-03-16,2026-03-22,2,0,0,565,29,56,34,10,2026-03-29
n454ae571ae8a,🎉またまた #漫画 タグで1位⁉️✨漫画描いてないのに……漫画タグ1位、再び🤣,2026,2026-W12,2026-03-16,2026-03-22,2,0,0,535,28,56,34,10,2026-03-29
n67c68653a2a2,ロジカル勘で突破！就職氷河期の私が“年収100万アップ”企業に入社してうつになった話,2026,2026-W12,2026-03-16,2026-03-22,2,1,0,131,0,56,21,10,2026-03-29
n7a10857c600a,【note運用】生成AI×ChatGPTでタイトルとタグを自動生成！ねんころ式 タイトル＆タグ錬成GPT【ver4.0】の全機能まとめ | note収益化 | AI活用 | 生成AI | ChatGPT | GPTsつくってみた,2026,2026-W12,2026-03-16,2026-03-22,2,0,0,573,24,56,34,10,2026-03-29
n962ce8691603,【noteでチップもらった日🎁＆Amazonアソシエイト初収益】✨夢の0→1達成しました！,2026,2026-W12,2026-03-16,2026-03-22,2,0,0,790,53,56,34,10,2026-03-29
n96648fb44669,ねんころのロードマップ①🌱 はじまり期：うつから、オレオと再出発、note発信まで,2026,2026-W12,2026-03-16,2026-03-22,2,0,0,636,40,56,34,10,2026-03-29
n9b036c673f71,【ご報告】9週連続コングラ獲得！今回は3冠でした🎉,2026,2026-W12,2026-03-16,2026-03-22,2,0,0,618,29,56,34,10,2026-03-29
na466477b4792,うつで布団から出られなかった私が、犬を迎えて社会復帰した話【中編】〜止まっていた時間が、また動き出した日〜,2026,2026-W12,2026-03-16,2026-03-22,2,0,0,131,0,56,34,10,2026-03-29
nac6325926be4,【10分メイク】プチプラ×デパコスで垢抜ける！ズボラさん向けリアル時短メイク術🌸,2026,2026-W12,2026-03-16,2026-03-22,2,0,0,709,36,56,34,10,2026-03-29
nad9615f0d2ea,🌸【最新版】ねんころ、自己紹介アップデートします,2026,2026-W12,2026-03-16,2026-03-22,2,0,0,804,30,56,34,10,2026-03-29
nb29b2964f2e5,【漫画描いてないのに#漫画1位⁉️】コングラボードの裏話🤣,2026,2026-W12,2026-03-16,2026-03-22,2,0,0,458,17,56,34,10,2026-03-29
nc3a8656a5f74,自立支援医療制度を知らなくてめっちゃ損した話,2026,2026-W12,2026-03-16,2026-03-22,2,0,0,99,0,56,34,10,2026-03-29
ncdda379bfa4a,【生成AIパスポート勉強ログ】図解で理解するChatGPTの進化まとめ,2026,2026-W12,2026-03-16,2026-03-22,2,0,0,390,6,56,34,10,2026-03-29
nd5a69e9a3fac,【ねんころ式｜AI相棒化マスター講座】🌸【第1話】AIが得意な人・苦手な人の差は「コレ」だった！／生成AI／ChatGPT／思考整理／プロンプト／AIの育成,2026,2026-W12,2026-03-16,2026-03-22,2,0,0,567,32,56,34,10,2026-03-29
ne5b75d5fb970,ChatGPTを相棒にしたら、人生がひらけた話,2026,2026-W12,2026-03-16,2026-03-22,2,0,0,346,10,56,34,10,2026-03-29
nf24a96e3028f,20歳で二重整形に投資したら、自己肯定感も自由時間も爆上がりした話,2026,2026-W12,2026-03-16,2026-03-22,2,0,0,101,0,56,34,10,2026-03-29
nf4d6b609faba,うつで布団から出られなかった私が、犬を迎えて社会復帰した話【前編】,2026,2026-W12,2026-03-16,2026-03-22,2,1,0,183,2,56,21,10,2026-03-29
nf7223b71a5e5,【note毎日更新の裏側】1日5本書けた理由と、続けられるルーティン✍️,2026,2026-W12,2026-03-16,2026-03-22,2,0,0,546,17,56,34,10,2026-03-29
n07aa10c76fda,【ロジ勘】ソシャゲのガチ勢はロジカル勘の権化説,2026,2026-W12,2026-03-16,2026-03-22,1,0,0,138,0,77,34,10,2026-03-29
n0d208d0e7c7f,Logical Realist（ロジカルリアリスト）,2026,2026-W12,2026-03-16,2026-03-22,1,0,0,374,0,77,34,10,2026-03-29
n0ddc6bef7e33,🌙今日のねんころラボ：制作＆勉強の日🎨📘,2026,2026-W12,2026-03-16,2026-03-22,1,0,0,443,39,77,34,10,2026-03-29
n0e37927df737,"【連続投稿２か月達成】スキ2,500・コメント860・ビュー24,000の軌跡📈",2026,2026-W12,2026-03-16,2026-03-22,1,0,0,575,54,77,34,10,2026-03-29
n146debb123dd,AIくん、天野喜孝を理解しすぎ問題（ ロジ勘第３弾、ただいま鋭意制作中です🔥）,2026,2026-W12,2026-03-16,2026-03-22,1,0,0,539,29,77,34,10,2026-03-29
n23b4d8da6547,【障害者雇用×就労移行】MOS資格は必須？私が資格なしで就職できた理由,2026,2026-W12,2026-03-16,2026-03-22,1,0,0,483,9,77,34,10,2026-03-29
n256cee2080cf,【経験談】うつ病と診断されてから、障害者手帳を取るまでの“心の変化”全部見せます😇,2026,2026-W12,2026-03-16,2026-03-22,1,0,0,93,0,77,34,10,2026-03-29
n29de4f9ed1e7,今日はゆるく、おやすみ投稿です,2026,2026-W12,2026-03-16,2026-03-22,1,0,0,476,16,77,34,10,2026-03-29
n2cc2630d0ca4,【仮報告】現時点で10週連続コングラ＆7冠でした🤭✨,2026,2026-W12,2026-03-16,2026-03-22,1,0,0,499,0,77,34,10,2026-03-29
n340ffe1b0913,💖気づけば3万ビュー！？数字よりも“つながり”が宝物だった話🌸,2026,2026-W12,2026-03-16,2026-03-22,1,0,0,621,52,77,34,10,2026-03-29
n50eda0f2268c,【ロジ勘】ChatGPTに指摘されて気づいた──私、実は“ロジ勘体質”でした,2026,2026-W12,2026-03-16,2026-03-22,1,0,0,89,0,77,34,10,2026-03-29
n59d060fa68b7,コングラ報告が次々と…！明日、ねんころ式GPTの最新アップデートを公開します🌸,2026,2026-W12,2026-03-16,2026-03-22,1,0,0,531,26,77,34,10,2026-03-29
n693f8ef90e96,【ver3.0】ねんころ式 タイトル＆タグ錬成GPTでできること,2026,2026-W12,2026-03-16,2026-03-22,1,0,0,735,19,77,34,10,2026-03-29
n79402fe6f0ab,画像・動画生成したいけどプロンプトで止まる人へ。ねんころ式・解決ツールできました| 生成AI | Gemini | ChatGPT | 画像生成AI | 動画生成AI | プロンプト | AIツール | メンバーシップ | β版公開 | Gemini Canvas| Midjourney,2026,2026-W12,2026-03-16,2026-03-22,1,0,0,557,14,77,34,10,2026-03-29
n797764eddf4c,Logical Crafter（ロジカルクラフト）,2026,2026-W12,2026-03-16,2026-03-22,1,0,0,394,4,77,34,10,2026-03-29
n7aafed9c4d00,【Pollo AI】でバレンタイン向け短尺CMを作ってみた〜個人・小さなお店でも【現実的にできるか】を検証〜,2026,2026-W12,2026-03-16,2026-03-22,1,0,0,416,18,77,34,10,2026-03-29
n847eee3222e2,💬 スキ活・コメ活は裏切らない！ noteで繋がるコツ🌸,2026,2026-W12,2026-03-16,2026-03-22,1,0,0,646,46,77,34,10,2026-03-29
n86407f316419,特例子会社でプログラミングしかできない先輩と組んだら地獄を見た話,2026,2026-W12,2026-03-16,2026-03-22,1,0,0,213,0,77,34,10,2026-03-29
n8e5692f3a610,うつで布団から出られなかった私が、犬を迎えて社会復帰した話【後編】,2026,2026-W12,2026-03-16,2026-03-22,1,0,0,366,8,77,34,10,2026-03-29
n9ccfa215bc3b,🎉またまたコングラきました🤣✨でもタグが違うんだよぉぉぉ！！,2026,2026-W12,2026-03-16,2026-03-22,1,0,0,553,41,77,34,10,2026-03-29
na37423ed4e1a,医者にカウンセラー求めすぎ問題😇,2026,2026-W12,2026-03-16,2026-03-22,1,0,0,269,10,77,34,10,2026-03-29
na581a0b85937,💖しろのあるちゃん、30日連続更新おめでとう！仲間がいるって、こんなに心強い🌸〜note仲間がいるから、私も続けられた話〜,2026,2026-W12,2026-03-16,2026-03-22,1,0,0,708,44,77,34,10,2026-03-29
nb8bd95919b40,【ねんころ式｜AI相棒化マスター講座】✨【第2話】AIはどう「育つ」の？再現率が人によって変わる「本当の理由」／生成AI／ChatGPT／プロンプト設計／AI活用／初心者向け,2026,2026-W12,2026-03-16,2026-03-22,1,0,0,472,26,77,34,10,2026-03-29
nb9660643db9c,専門用語禁止！“わかりやすく伝える”だけで人間関係がラクになる話（オチつき）,2026,2026-W12,2026-03-16,2026-03-22,1,0,0,218,9,77,34,10,2026-03-29
nc5ab70b7de43,「ズボラでも肌キレイって言われる理由は…メイクでした🤣」〜崩れないベースメイク”完全ガイド💄〜,2026,2026-W12,2026-03-16,2026-03-22,1,0,0,126,0,77,34,10,2026-03-29
nc5edab753ae5,🔥 Emotional Driver（ロジ勘感情ドリブン）,2026,2026-W12,2026-03-16,2026-03-22,1,0,0,315,10,77,34,10,2026-03-29
nc72a62cf94cc,タイトル＆タグ錬成GPTs無料公開終了のお知らせ｜12/31 22時クローズ予定,2026,2026-W12,2026-03-16,2026-03-22,1,0,0,477,22,77,34,10,2026-03-29
nc93dcb68ffe7,【障害年金の申請体験談】社労士に丸投げして2級取れた流れ,2026,2026-W12,2026-03-16,2026-03-22,1,0,0,666,2,77,34,10,2026-03-29
ncea204c48460,【実録】ASDぽい兄と暮らして学んだ「相性の壁」と自立への決意,2026,2026-W12,2026-03-16,2026-03-22,1,0,0,185,0,77,34,10,2026-03-29
nd1d9718b575e,🌸「朝起きられない私」が、noteだけは続けられた理由🌸,2026,2026-W12,2026-03-16,2026-03-22,1,0,0,738,49,77,34,10,2026-03-29
nd9dbf348f292,今日は作る日にしました。noteをお休みした、静かで楽しい一日,2026,2026-W12,2026-03-16,2026-03-22,1,0,0,355,5,77,34,10,2026-03-29
ne4111bc9474f,10週連続コングラ＆7冠｜軽めの記事でも評価された理由とGPTsの効果,2026,2026-W12,2026-03-16,2026-03-22,1,0,0,642,32,77,34,10,2026-03-29
ne6052102caa4,【ロジ勘診断】ロジ勘診断 上級版　詳細分析付き✨,2026,2026-W12,2026-03-16,2026-03-22,1,0,0,583,51,77,34,10,2026-03-29
ne872184f86a9,💖【感謝の気持ちを込めて】出会えてよかったクリエイターさんたち🌸その１,2026,2026-W12,2026-03-16,2026-03-22,1,0,0,525,22,77,34,10,2026-03-29
nea1c55b7c483,【障害年金の活用体験談】障害年金は“利用”するのではなく、“活用”するものだと思う理由,2026,2026-W12,2026-03-16,2026-03-22,1,0,0,278,0,77,34,10,2026-03-29
nf7366e28f287,【特例子会社リアル】“空気を読む努力”で信頼を得たASDの同僚,2026,2026-W12,2026-03-16,2026-03-22,1,0,0,267,4,77,34,10,2026-03-29
nf8e4cc6dcd54,【実録】実績ゼロから2ヶ月で20000ビュー・スキ2000超え！コメント600超え！｜ねんころ流note成長術,2026,2026-W12,2026-03-16,2026-03-22,1,0,0,858,74,77,34,10,2026-03-29
nc89cb7d9122d,AIクリエイターフリーランスの変化｜仕事が増え始めた理由と積み重ねの話|最近の学び|生成AI|ChatGPT|AI活用,2026,2026-W13,2026-03-23,2026-03-29,881,184,46,881,46,1,1,1,2026-03-29
n71c59c47f5a1,Pollo AIでここまで作れる？騎士キャラを本気で動画化してみた⚔️【シリーズ第1弾】|AI活用|生成AI|画像生成AI|動画生成AI|PR|,2026,2026-W13,2026-03-23,2026-03-29,806,98,35,806,35,2,2,2,2026-03-29
nb19ea885762f,タイトル＆タグ錬成GPTのアンケート結果｜75％が実感。コングラが取りやすくなった理由|AI活用|ChatGPT|生成AI|note運用|,2026,2026-W13,2026-03-23,2026-03-29,760,87,17,760,17,3,3,3,2026-03-29
ndf02a8a84e1a,【話し相手はChatGPTだけだった｜独学でAI資格2つ合格するまで】| AI学習 | G検定 | 生成AIパスポート | AI活用 | エッセイ |休職 |退職,2026,2026-W13,2026-03-23,2026-03-29,142,23,2,3875,78,4,4,6,2026-03-29
ne4e8f07a1cf6,note半年で10万ビュー・1万スキ｜ChatGPTがきっかけで人生が動いた話|AI活用|生成AI|エッセイ|感謝|つながり|,2026,2026-W13,2026-03-23,2026-03-29,141,16,0,2796,56,5,5,9,2026-03-29
n4490d3b895f1,Pollo Agentとは？ペット動画を作ってみた｜パピヨンが別犬になった原因と解決法|AI活用|生成AI|動画生成AI|Pollo AI|PR|,2026,2026-W13,2026-03-23,2026-03-29,135,12,2,940,31,6,6,6,2026-03-29
n270fce89eaa9,AIスクールはいらない？月1万円のAI課金で独学→資格→仕事につながった話|AI活用|生成AI|ChatGPT|副業|note運用|学び|,2026,2026-W13,2026-03-23,2026-03-29,100,8,3,975,51,7,9,4,2026-03-29
nb89ad27feca1,【お願い🙏】ツール利用者アンケートご協力ください✨（1分で終わります）,2026,2026-W13,2026-03-23,2026-03-29,99,0,0,683,2,8,37,9,2026-03-29
ne28ad0efebc2,ChatGPTを入れた日から人生が変わった【実話】｜noteで仲間ができて3ヶ月でフリーランスになった話|日記|エッセイ|つながり|人生|生成AI,2026,2026-W13,2026-03-23,2026-03-29,90,12,1,3203,72,9,6,8,2026-03-29
ncff696069bc1,人間よりChatGPTと話してるフリーランスの1日｜寝る時間以外AI活用してる生活|日常|エッセイ|,2026,2026-W13,2026-03-23,2026-03-29,86,10,3,1505,61,10,8,4,2026-03-29
n052eb41b4667,【G検定をテキスト読まずに合格した話｜生成AIパスポート→600問一周で回した仕組み学習法】 AI資格 | 独学 | 勉強法 | ChatGPT | 仕組み化 | 構造理解 | Udemy | 資格対策 | AI学習 | 図解 | note |,2026,2026-W13,2026-03-23,2026-03-29,69,6,0,1561,24,11,11,9,2026-03-29
nde076f1f07dc,Readdy AIでWEBサイトを5分で作ってみた｜AIに文章を書くだけでポートフォリオサイト完成|生成AI|AIツール|フリーランス|AIサイト作成ツール,2026,2026-W13,2026-03-23,2026-03-29,58,4,0,1115,32,12,12,9,2026-03-29
nd16ed7639f7f,AIと会話するだけで動画が完成？Pollo Agentを触ってみた|AI活用|生成AI|動画生成AI|NanoBanana2|PR|,2026,2026-W13,2026-03-23,2026-03-29,54,7,0,993,32,13,10,9,2026-03-29
nc52e8d74dba8,【note記事も自動漫画化】Gem設定だけで漫画が描ける方法｜Gemini×Nano-bananaProで事故らない5ジャンル対応プロンプト集| 生成AI | AI活用 | 創作 | マンガ | 図解 | ,2026,2026-W13,2026-03-23,2026-03-29,38,0,0,1165,20,14,37,9,2026-03-29
nebada4908f02,【コラム】AI歴50年の犬オレオに聞いてみた。AIって結局なんなの？,2026,2026-W13,2026-03-23,2026-03-29,32,3,0,958,29,15,13,9,2026-03-29
nf083751777c0,【LINEスタンプ】工場化して量産した話。4日で7セット、Nano-bananaPro    とCanva透過革命、Gemini canvas自作ツール作成|AI活用|生成AI|ChatGPT|,2026,2026-W13,2026-03-23,2026-03-29,29,3,0,871,39,16,13,9,2026-03-29
n4659dd18c880,G検定に合格しました｜ズボラでも仕組みで回した正直すぎる勉強法とAI活用| 資格勉強 | 生成AI | ChatGPT | NotebookLM | Python | ズボラ | 学習記録|Gemini,2026,2026-W13,2026-03-23,2026-03-29,28,3,0,3295,61,17,13,9,2026-03-29
n76c0098e72a9,【実録】休んでも心配される人とされない人の違い,2026,2026-W13,2026-03-23,2026-03-29,24,0,0,695,0,18,37,9,2026-03-29
n2fb20525b499,AI動画の進化がすごい。愛犬オレオで3分で動画作って未来を感じた話|AI活用|生成AI|動画生成AI|,2026,2026-W13,2026-03-23,2026-03-29,21,2,0,802,31,19,16,9,2026-03-29
ndcf1b6381cc9,【Notion初心者が2日目で挫折しないためにやったこと～ズボラ美容日記×生成AIの実験記録と項目整理のコツ】 | 初心者 | ChatGPT | AI活用 | 美容日記 | 記録 | 習慣化 |,2026,2026-W13,2026-03-23,2026-03-29,21,1,0,1048,17,19,19,9,2026-03-29
n665d118867c2,12時間→2時間に短縮。RPG動画制作の改善ログ|Pollo AI|動画生成|Midjourney|動画編集|創作記録|,2026,2026-W13,2026-03-23,2026-03-29,20,0,0,895,32,21,37,9,2026-03-29
n1c8ca6af5161,【無料配布】あなたのAI適性をガチ分析プロンプト｜AIが見た「才能タイプ」「扱いやすさ」「伸びしろ」と3ヶ月の成長ロードマップ,2026,2026-W13,2026-03-23,2026-03-29,15,1,0,662,39,22,19,9,2026-03-29
n5b1692a523f2,noteアルゴリズムと設計思想を、KITAcoreアートで動画化してみた|生成AI|動画生成AI|デザイン|創作|研究ログ,2026,2026-W13,2026-03-23,2026-03-29,14,2,0,858,30,23,16,9,2026-03-29
n601dcfb686c3,【制作日記】オレオのLINEスタンプ作り始めたら沼すぎた🤣💗AI×手作業のベストハイブリッドが完成した話,2026,2026-W13,2026-03-23,2026-03-29,13,0,0,728,22,24,37,9,2026-03-29
nbcf7ed710ffa,【自己紹介】ズボラ×AIで在宅フリーランスを目指す私がnoteを書く理由｜生成AIとnote収益化と時短の話｜はじめてのnote｜note初心者｜自己紹介,2026,2026-W13,2026-03-23,2026-03-29,10,1,0,838,34,25,19,9,2026-03-29
nd43f38fdef05,資格勉強が一気に捗る？NotebookLM×資格本の自炊という選択,2026,2026-W13,2026-03-23,2026-03-29,10,0,0,1074,27,25,37,9,2026-03-29
ne3ce8e7aac47,【ねんころ式】タイトルとタグで迷わない。 タイトル＆タグ錬成GPT【ver4.1】公開|note運用|note収益化|AI活用|生成AI|ChatGPT|時短|副業支援|,2026,2026-W13,2026-03-23,2026-03-29,10,1,0,746,12,25,19,9,2026-03-29
nf17f9344b099,【MBTI・心理学・Midjourney×自作診断】当たりすぎて話題のロジ勘ARCANA｜直感×論理で7タイプを可視化する心理モデル【ねんころラボ無料版】,2026,2026-W13,2026-03-23,2026-03-29,9,0,0,1066,46,28,37,9,2026-03-29
nf33fd1b0c577,キャラブレしない！生成AI漫画・図解制作が一気に楽になる「キャラクター参照用プロンプト」の作り方と使い回し術,2026,2026-W13,2026-03-23,2026-03-29,9,0,0,701,7,28,37,9,2026-03-29
n52def9a7cf11,【体験談】特例子会社に転籍したら“努力が無意味”になった話｜障害者雇用のリアル,2026,2026-W13,2026-03-23,2026-03-29,7,0,0,677,6,30,37,9,2026-03-29
n5b2040ef3201,【プロンプト全文付き】個人作家でも作れる15秒CM制作フロー完全公開｜生成AI・Pollo AI・Kling 3.0・Vidu Q3 Pro活用術【PR】,2026,2026-W13,2026-03-23,2026-03-29,7,0,0,839,22,30,37,9,2026-03-29
nd5a69e9a3fac,【ねんころ式｜AI相棒化マスター講座】🌸【第1話】AIが得意な人・苦手な人の差は「コレ」だった！／生成AI／ChatGPT／思考整理／プロンプト／AIの育成,2026,2026-W13,2026-03-23,2026-03-29,7,1,0,574,32,30,19,9,2026-03-29
nd73315f75efe,【事故らない】【初心者向け】noteサムネをタイトル投げるだけで量産する方法― Gemini gem × Nano-bananaで「同じ顔のまま」世界観を変える ―,2026,2026-W13,2026-03-23,2026-03-29,7,1,0,381,8,30,19,9,2026-03-29
n146debb123dd,AIくん、天野喜孝を理解しすぎ問題（ ロジ勘第３弾、ただいま鋭意制作中です🔥）,2026,2026-W13,2026-03-23,2026-03-29,6,0,0,545,29,34,37,9,2026-03-29
n3a546dfe4600,【お知らせ】ねんころ式 タイトル＆タグ錬成GPT (3月)のリンク発行しました,2026,2026-W13,2026-03-23,2026-03-29,6,1,0,507,6,34,19,9,2026-03-29
n9a0f22aa57f0,【実践】ふなさんプロンプト導入で“ねんころ節”が爆誕した話🤣,2026,2026-W13,2026-03-23,2026-03-29,6,0,0,945,47,34,37,9,2026-03-29
nb3845b3ca853,【うつと付き合いながら在宅フリーランスしてる話｜体調に波がある私の働き方と収益設計】| 働き方 | 在宅ワーク| HSP | note | 収益化 | ストック型 | 生活設計 | 生き方 | エッセイ | 最近の学び | 試行錯誤 | 副業 | 日常,2026,2026-W13,2026-03-23,2026-03-29,6,0,0,891,34,34,37,9,2026-03-29
nb8bd95919b40,【ねんころ式｜AI相棒化マスター講座】✨【第2話】AIはどう「育つ」の？再現率が人によって変わる「本当の理由」／生成AI／ChatGPT／プロンプト設計／AI活用／初心者向け,2026,2026-W13,2026-03-23,2026-03-29,6,0,0,478,26,34,37,9,2026-03-29
ne0434f0ffc21,【無料公開】プロンプトで止まる人へ。Gemini対応「AI Prompt Director Lite」配布します| 生成AI | 画像生成AI | 動画生成AI | プロンプト | 無料ツール | AIツール | 初心者向け | ChatGPT | Nano-Banana,2026,2026-W13,2026-03-23,2026-03-29,6,2,0,1243,27,34,16,9,2026-03-29
n3f6adf66ce6d,【無料配布】noteのタイトル・お題タグ・通常タグを自動で最適化するGPTを公開｜記事作成の時短と精度アップに💗,2026,2026-W13,2026-03-23,2026-03-29,5,0,0,987,56,40,37,9,2026-03-29
n8f8fb62cebff,【お知らせ】GPTsの無料公開は12月いっぱいで終了します🌱,2026,2026-W13,2026-03-23,2026-03-29,5,0,0,771,17,40,37,9,2026-03-29
ndb6b594c09ab,【note運用×GPTs活用】PCで書いたnote記事を投げるだけ！スマホ向けに改行・行間を整える専用GPTsを作りました| note運用 | note収益化 | AI活用 | 生成AI | ChatGPT | Gemini | 最近の学び | 試行錯誤 | やってみた | 日記 | エッセイ | 創作 | 気づき,2026,2026-W13,2026-03-23,2026-03-29,5,0,0,566,4,40,37,9,2026-03-29
n0e37927df737,"【連続投稿２か月達成】スキ2,500・コメント860・ビュー24,000の軌跡📈",2026,2026-W13,2026-03-23,2026-03-29,4,1,0,579,54,43,19,9,2026-03-29
n14df97f098a6,崩れ・くすみ・毛穴を一掃！透明感が続く最強下地3選✨,2026,2026-W13,2026-03-23,2026-03-29,4,0,0,547,16,43,37,9,2026-03-29
n2b9c80e4113a,ロジ勘、実はかなり科学的でした。【二重過程理論×MBTI×ビッグファイブ】,2026,2026-W13,2026-03-23,2026-03-29,4,1,0,556,26,43,19,9,2026-03-29
n2ced0be07099,G検定の勉強を始めた理由｜Udemy活用でAI基礎を体系的に学ぶ方法,2026,2026-W13,2026-03-23,2026-03-29,4,0,0,660,28,43,37,9,2026-03-29
n4fcd6496fc9a,⚖️ Hybrid Equilibrium（ロジ勘ハイブリッド）,2026,2026-W13,2026-03-23,2026-03-29,4,0,0,283,8,43,37,9,2026-03-29
n79402fe6f0ab,画像・動画生成したいけどプロンプトで止まる人へ。ねんころ式・解決ツールできました| 生成AI | Gemini | ChatGPT | 画像生成AI | 動画生成AI | プロンプト | AIツール | メンバーシップ | β版公開 | Gemini Canvas| Midjourney,2026,2026-W13,2026-03-23,2026-03-29,4,1,0,561,14,43,19,9,2026-03-29
nb0aa1974aa9b,Notion初心者が初日で挫折しない方法｜ズボラ美容日記×生成AI（ChatGPT・NotebookLM）実験記録,2026,2026-W13,2026-03-23,2026-03-29,4,0,0,881,24,43,37,9,2026-03-29
ne5b75d5fb970,ChatGPTを相棒にしたら、人生がひらけた話,2026,2026-W13,2026-03-23,2026-03-29,4,1,0,350,10,43,19,9,2026-03-29
n0145dbd9b428,💖200フォロワー達成しました！感謝です🥹✨,2026,2026-W13,2026-03-23,2026-03-29,3,0,0,609,48,51,37,9,2026-03-29
n0bff6720ebad,はじめまして｜うつ×制度活用×美魔女リスタート,2026,2026-W13,2026-03-23,2026-03-29,3,0,0,350,2,51,37,9,2026-03-29
n188a06e012d6,ChatGPTのメールアドレス変更で本気で詰みかけた話｜note運用・AI活用・生成AI・ChatGPT・Gemini時代に必須のアカウント管理術,2026,2026-W13,2026-03-23,2026-03-29,3,0,0,690,21,51,37,9,2026-03-29
n23b4d8da6547,【障害者雇用×就労移行】MOS資格は必須？私が資格なしで就職できた理由,2026,2026-W13,2026-03-23,2026-03-29,3,0,0,486,9,51,37,9,2026-03-29
n358440a2e2af,【ねんころ式｜AI相棒化マスター講座】第3話｜人格 × 文体 × 役割AIが“育つ”仕組みと、再現率が跳ね上がる使い分け,2026,2026-W13,2026-03-23,2026-03-29,3,0,0,622,24,51,37,9,2026-03-29
n3edbcf331486,　【初心者向け】ウエル活とは？毎月20日に33％オフで買い物する方法をやさしく解説,2026,2026-W13,2026-03-23,2026-03-29,3,0,0,500,22,51,37,9,2026-03-29
n575675fff52a,うつで退職した私が活用した制度と再スタートまでの道のり,2026,2026-W13,2026-03-23,2026-03-29,3,0,0,197,1,51,37,9,2026-03-29
n876544ba92cf,【障害者雇用枠】一般企業と特例子会社、両方で働いた私が感じた“向き不向き”,2026,2026-W13,2026-03-23,2026-03-29,3,0,0,626,5,51,37,9,2026-03-29
n8e5692f3a610,うつで布団から出られなかった私が、犬を迎えて社会復帰した話【後編】,2026,2026-W13,2026-03-23,2026-03-29,3,1,0,369,8,51,19,9,2026-03-29
n962ce8691603,【noteでチップもらった日🎁＆Amazonアソシエイト初収益】✨夢の0→1達成しました！,2026,2026-W13,2026-03-23,2026-03-29,3,0,0,793,53,51,37,9,2026-03-29
nc3a8656a5f74,自立支援医療制度を知らなくてめっちゃ損した話,2026,2026-W13,2026-03-23,2026-03-29,3,0,0,102,0,51,37,9,2026-03-29
nc93dcb68ffe7,【障害年金の申請体験談】社労士に丸投げして2級取れた流れ,2026,2026-W13,2026-03-23,2026-03-29,3,0,0,669,2,51,37,9,2026-03-29
ncb2492fa2f97,難解すぎるKITAcore理論を、ズボラな一般人が実装してみた結果　| note運用 | note分析 | Python | GoogleColab | スプレッドシート | ChatGPT | Gemini | 生成AI | データ分析 | PV | スキ | コメント | 有料記事 | やってみた | 最近の学び,2026,2026-W13,2026-03-23,2026-03-29,3,0,0,745,25,51,37,9,2026-03-29
nefab904ece1a,【10部達成】💖プロンプト一文で魂が宿る！？ゼロショットでnote記事再現率99％の秘密🌸,2026,2026-W13,2026-03-23,2026-03-29,3,0,0,829,22,51,37,9,2026-03-29
nf037dd05483f,🌸【ご報告】生成AIパスポート、無事に合格しました！🎉✨,2026,2026-W13,2026-03-23,2026-03-29,3,0,0,825,47,51,37,9,2026-03-29
nffe5373f5d59,【うつでも資格取得】マンガ→AIパスポート約300問解いて正答率80％超え！勉強ログ公開,2026,2026-W13,2026-03-23,2026-03-29,3,0,0,509,10,51,37,9,2026-03-29
n07aa10c76fda,【ロジ勘】ソシャゲのガチ勢はロジカル勘の権化説,2026,2026-W13,2026-03-23,2026-03-29,2,0,0,140,0,67,37,9,2026-03-29
n088e842a993b,💻ふなさんプロンプトがアップデートされた話🌸まっさらなAIで再現性チェックの実験レポ🤣,2026,2026-W13,2026-03-23,2026-03-29,2,0,0,664,26,67,37,9,2026-03-29
n0d208d0e7c7f,Logical Realist（ロジカルリアリスト）,2026,2026-W13,2026-03-23,2026-03-29,2,0,0,376,0,67,37,9,2026-03-29
n1d71cf6b3730,「OpenAIが本気出したらどうなる？」を真面目に妄想してみた🤣,2026,2026-W13,2026-03-23,2026-03-29,2,0,0,656,22,67,37,9,2026-03-29
n1e98d8b8b653,⚔️ Intuitive Fighter（直感ファイター）,2026,2026-W13,2026-03-23,2026-03-29,2,0,0,243,0,67,37,9,2026-03-29
n256cee2080cf,【経験談】うつ病と診断されてから、障害者手帳を取るまでの“心の変化”全部見せます😇,2026,2026-W13,2026-03-23,2026-03-29,2,0,0,95,0,67,37,9,2026-03-29
n2a27f75a89bb,【うつ病】半年前からすでに病んでた私のサイン|ブラック企業,2026,2026-W13,2026-03-23,2026-03-29,2,0,0,516,19,67,37,9,2026-03-29
n2efa0ecb222b,【初心者向け】ウエル活のやり方まとめ②｜WAON POINTとVポイント交換をやさしく解説,2026,2026-W13,2026-03-23,2026-03-29,2,0,0,560,20,67,37,9,2026-03-29
n2f44bb184eb8,カウンセリングが必要な人・必要ない人,2026,2026-W13,2026-03-23,2026-03-29,2,0,0,372,4,67,37,9,2026-03-29
n3589850b63bd,💜AIくんがDBのトランクス愛を語ったら、想像以上に同志だった件🔥,2026,2026-W13,2026-03-23,2026-03-29,2,0,0,438,28,67,37,9,2026-03-29
n3998b9518dd0,【ブラック企業リアル】マニュアルなしヘルプデスクで生き残ったスキル😇,2026,2026-W13,2026-03-23,2026-03-29,2,0,0,253,4,67,37,9,2026-03-29
n436bac43c0bf,Qoo10“再生系王道”はこの2択！リジュラン【ゴールドセット】＆【トナー付きマスク】で翌朝つやん✨,2026,2026-W13,2026-03-23,2026-03-29,2,0,0,567,29,67,37,9,2026-03-29
n4c27b81f0c30,Intuitive Creator（直感クリエイティブ）,2026,2026-W13,2026-03-23,2026-03-29,2,0,0,283,0,67,37,9,2026-03-29
n4d937adb5c64,【うつ病リアル】認知の歪みがなくても、うつになるし、薬9種類ないと生きられない人間もいる😇,2026,2026-W13,2026-03-23,2026-03-29,2,0,0,301,8,67,37,9,2026-03-29
n50eda0f2268c,【ロジ勘】ChatGPTに指摘されて気づいた──私、実は“ロジ勘体質”でした,2026,2026-W13,2026-03-23,2026-03-29,2,0,0,91,0,67,37,9,2026-03-29
n526bb02f1154,【障害者雇用】合理的配慮＝魔法のカードじゃない話😇,2026,2026-W13,2026-03-23,2026-03-29,2,0,0,452,4,67,37,9,2026-03-29
n53cfcf1b70e0,【感謝】100フォロワー達成しました！🎉,2026,2026-W13,2026-03-23,2026-03-29,2,0,0,419,20,67,37,9,2026-03-29
n66e93109c67d,Logical Analyst（ロジカルアナリスト）,2026,2026-W13,2026-03-23,2026-03-29,2,0,0,415,0,67,37,9,2026-03-29
n693f8ef90e96,【ver3.0】ねんころ式 タイトル＆タグ錬成GPTでできること,2026,2026-W13,2026-03-23,2026-03-29,2,0,0,737,19,67,37,9,2026-03-29
n6ce2ee3ee396,【伝え方】アサーションできてますか？人間関係を楽にする“伝え方”チェックリスト,2026,2026-W13,2026-03-23,2026-03-29,2,0,0,226,4,67,37,9,2026-03-29
n6f565d9dc049,【改訂版】うつ病から立ち直る一歩に。障害者手帳を申請した私の体験談,2026,2026-W13,2026-03-23,2026-03-29,2,0,0,281,4,67,37,9,2026-03-29
n7678994a91a4,16週連続コングラボード受賞！タグ最適化とAIツールが効いている話| note運用 | Gemini | 生成AI | ChatGPT | GPTsつくってみた | メンバーシップ | AIツール | ズボラ | note成長記録 | コラム | 日常 | AI活用,2026,2026-W13,2026-03-23,2026-03-29,2,0,0,578,18,67,37,9,2026-03-29
n797764eddf4c,Logical Crafter（ロジカルクラフト）,2026,2026-W13,2026-03-23,2026-03-29,2,0,0,396,4,67,37,9,2026-03-29
n7a10857c600a,【note運用】生成AI×ChatGPTでタイトルとタグを自動生成！ねんころ式 タイトル＆タグ錬成GPT【ver4.0】の全機能まとめ | note収益化 | AI活用 | 生成AI | ChatGPT | GPTsつくってみた,2026,2026-W13,2026-03-23,2026-03-29,2,0,0,575,24,67,37,9,2026-03-29
n7cc57eacfc42,🌳ギバーの森で見つけた、「うつでもできた日」の小さな奇跡🌸,2026,2026-W13,2026-03-23,2026-03-29,2,0,0,489,46,67,37,9,2026-03-29
n7ea9d17d2838,修羅場人生→ズボラ最適化。G検定をAIで乗り切った話,2026,2026-W13,2026-03-23,2026-03-29,2,0,0,710,24,67,37,9,2026-03-29
n86407f316419,特例子会社でプログラミングしかできない先輩と組んだら地獄を見た話,2026,2026-W13,2026-03-23,2026-03-29,2,0,0,215,0,67,37,9,2026-03-29
na0f51eaf0718,note5か月でフォロワー500人・7万viewを超えて思った、毎日投稿とコメントの本当の価値,2026,2026-W13,2026-03-23,2026-03-29,2,1,0,652,48,67,19,9,2026-03-29
na581a0b85937,💖しろのあるちゃん、30日連続更新おめでとう！仲間がいるって、こんなに心強い🌸〜note仲間がいるから、私も続けられた話〜,2026,2026-W13,2026-03-23,2026-03-29,2,1,0,710,44,67,19,9,2026-03-29
nac6325926be4,【10分メイク】プチプラ×デパコスで垢抜ける！ズボラさん向けリアル時短メイク術🌸,2026,2026-W13,2026-03-23,2026-03-29,2,0,0,711,36,67,37,9,2026-03-29
nad718b091a1e,怒られ回避で身につけたアサーティブ😇,2026,2026-W13,2026-03-23,2026-03-29,2,0,0,248,0,67,37,9,2026-03-29
nb29b2964f2e5,【漫画描いてないのに#漫画1位⁉️】コングラボードの裏話🤣,2026,2026-W13,2026-03-23,2026-03-29,2,0,0,460,17,67,37,9,2026-03-29
nb4a459f1857a,【告知】note運用・note収益化・AI活用をまとめて加速！生成AI・ChatGPT・Gemini対応「AI×ツール実用マガジン」始めます,2026,2026-W13,2026-03-23,2026-03-29,2,0,0,581,10,67,37,9,2026-03-29
nc2703c7bbc74,私はなぜ、AIに“背景から説明する癖”がついているのか 🤖🧠,2026,2026-W13,2026-03-23,2026-03-29,2,0,0,475,18,67,37,9,2026-03-29
nc5edab753ae5,🔥 Emotional Driver（ロジ勘感情ドリブン）,2026,2026-W13,2026-03-23,2026-03-29,2,0,0,317,10,67,37,9,2026-03-29
nca6226e67d7f,GPT Image 1.5を検証してみた｜日本語画像・LINEスタンプ用途の正直レビュー,2026,2026-W13,2026-03-23,2026-03-29,2,0,0,571,24,67,37,9,2026-03-29
ncc19dc12ec43,💖自己肯定感を上げようとしない生き方──落ち込んでも「まぁいっか」で生きやすくなる思考術🌸,2026,2026-W13,2026-03-23,2026-03-29,2,1,0,681,53,67,19,9,2026-03-29
ncdda379bfa4a,【生成AIパスポート勉強ログ】図解で理解するChatGPTの進化まとめ,2026,2026-W13,2026-03-23,2026-03-29,2,0,0,392,6,67,37,9,2026-03-29
nd1d9718b575e,🌸「朝起きられない私」が、noteだけは続けられた理由🌸,2026,2026-W13,2026-03-23,2026-03-29,2,0,0,740,49,67,37,9,2026-03-29
nd77ca1673620,【私がnoteを書く理由】うつ体験を“誰かの選択肢”に変えたいから。,2026,2026-W13,2026-03-23,2026-03-29,2,0,0,223,4,67,37,9,2026-03-29
nd9dbf348f292,今日は作る日にしました。noteをお休みした、静かで楽しい一日,2026,2026-W13,2026-03-23,2026-03-29,2,1,0,357,5,67,19,9,2026-03-29
ndcab7f392ad6,【ロジ勘診断】直感なのに論理的!? ギバーの森で再検証してみた！,2026,2026-W13,2026-03-23,2026-03-29,2,0,0,649,48,67,37,9,2026-03-29
ne6052102caa4,【ロジ勘診断】ロジ勘診断 上級版　詳細分析付き✨,2026,2026-W13,2026-03-23,2026-03-29,2,0,0,585,51,67,37,9,2026-03-29
nea1c55b7c483,【障害年金の活用体験談】障害年金は“利用”するのではなく、“活用”するものだと思う理由,2026,2026-W13,2026-03-23,2026-03-29,2,0,0,280,0,67,37,9,2026-03-29
nf7223b71a5e5,【note毎日更新の裏側】1日5本書けた理由と、続けられるルーティン✍️,2026,2026-W13,2026-03-23,2026-03-29,2,0,0,548,17,67,37,9,2026-03-29
nf8e4cc6dcd54,【実録】実績ゼロから2ヶ月で20000ビュー・スキ2000超え！コメント600超え！｜ねんころ流note成長術,2026,2026-W13,2026-03-23,2026-03-29,2,0,0,860,74,67,37,9,2026-03-29
nffab8882b924,うつでも挑戦！私の資格ロードマップ,2026,2026-W13,2026-03-23,2026-03-29,2,0,0,430,8,67,37,9,2026-03-29
n069ef43ae21f,2025年のねんころ振り返り｜休職と退職、そしてChatGPTと暮らしの再設計 🤖🐶,2026,2026-W13,2026-03-23,2026-03-29,1,0,0,511,25,114,37,9,2026-03-29
n0810d70083d4,🌙今日は更新おやすみです💤（でも裏では制作地獄中🤣）,2026,2026-W13,2026-03-23,2026-03-29,1,0,0,450,30,114,37,9,2026-03-29
n0b1a67673973,🐶本日はオレオ劇場💖 ふわもこ天使の自己紹介✨,2026,2026-W13,2026-03-23,2026-03-29,1,0,0,703,48,114,37,9,2026-03-29
n0c480bad63b5,【閑話休題】流白浪燦星（ルパン三世）の歌舞伎を観た話,2026,2026-W13,2026-03-23,2026-03-29,1,0,0,280,8,114,37,9,2026-03-29
n0ddc6bef7e33,🌙今日のねんころラボ：制作＆勉強の日🎨📘,2026,2026-W13,2026-03-23,2026-03-29,1,0,0,444,39,114,37,9,2026-03-29
n194329c6ccae,【伝え方】アサーションがうまくいかないときのNGパターン😇,2026,2026-W13,2026-03-23,2026-03-29,1,0,0,250,11,114,37,9,2026-03-29
n1c31935fa215,【㊗️6週連続】コングラボードありがとう…！AIと走り続けた1ヶ月半、みんなのおかげで「奇跡じゃなく必然」になった話🌸,2026,2026-W13,2026-03-23,2026-03-29,1,0,0,435,38,114,37,9,2026-03-29
n274407008c47,🌸今日のゆる日記：Wi-Fiが息絶えたので、優雅に早退した話🤣,2026,2026-W13,2026-03-23,2026-03-29,1,0,0,477,18,114,37,9,2026-03-29
n29de4f9ed1e7,今日はゆるく、おやすみ投稿です,2026,2026-W13,2026-03-23,2026-03-29,1,0,0,477,16,114,37,9,2026-03-29
n2cc2630d0ca4,【仮報告】現時点で10週連続コングラ＆7冠でした🤭✨,2026,2026-W13,2026-03-23,2026-03-29,1,0,0,500,0,114,37,9,2026-03-29
n2d7aaad525dc,最近ふと気づいたこと。伸びる人は“好奇心にそっと手を伸ばす”だけだった,2026,2026-W13,2026-03-23,2026-03-29,1,0,0,574,32,114,37,9,2026-03-29
n2d9d5ef04a27,☕ねんころ的・ご縁に感謝のクリエイターさん紹介【後半編】💐,2026,2026-W13,2026-03-23,2026-03-29,1,0,0,572,31,114,37,9,2026-03-29
n2fc24298cb93,12週連続コングラ＆今週は4冠！ズボラでも続いたnote運用の話,2026,2026-W13,2026-03-23,2026-03-29,1,0,0,402,22,114,37,9,2026-03-29
n303da3a6de16,🌸またコングラボードもらっちゃいました！🌳✨,2026,2026-W13,2026-03-23,2026-03-29,1,0,0,558,46,114,37,9,2026-03-29
n313d249dc26c,特例子会社で“違和感”を感じた私が、自分らしさを取り戻した話,2026,2026-W13,2026-03-23,2026-03-29,1,0,0,411,4,114,37,9,2026-03-29
n340ffe1b0913,💖気づけば3万ビュー！？数字よりも“つながり”が宝物だった話🌸,2026,2026-W13,2026-03-23,2026-03-29,1,0,0,622,52,114,37,9,2026-03-29
n3cded883d648,タグ＆タイトル錬成GPTs Ver3.5アップデート｜一言アドバイス機能を追加しました,2026,2026-W13,2026-03-23,2026-03-29,1,1,0,355,10,114,19,9,2026-03-29
n442c8caef6ca,今日は“ゆるっと”インプットDAY。9週連続コングラありがとう…！🥹💗,2026,2026-W13,2026-03-23,2026-03-29,1,0,0,530,18,114,37,9,2026-03-29
n454ae571ae8a,🎉またまた #漫画 タグで1位⁉️✨漫画描いてないのに……漫画タグ1位、再び🤣,2026,2026-W13,2026-03-23,2026-03-29,1,0,0,536,28,114,37,9,2026-03-29
n4dfc808c560e,スキンケアさぼり魔が「20代に見られた」方法ほぼ全部,2026,2026-W13,2026-03-23,2026-03-29,1,0,0,225,0,114,37,9,2026-03-29
n5089ec4e0ff1,note3ヶ月の成長ログ｜AI×創作×毎日投稿で積み上がった数字と変化をまとめてみた／AI創作／Midjourney／GPTs／毎日投稿／note振り返り／成長ログ,2026,2026-W13,2026-03-23,2026-03-29,1,0,0,503,31,114,37,9,2026-03-29
n57f8445f7be0,noteを100日以上毎日投稿して気づいた、続けるためのシンプルな考え方,2026,2026-W13,2026-03-23,2026-03-29,1,0,0,474,27,114,37,9,2026-03-29
n58123d1e9ec3,レベル1で999ブラック企業ダンジョンに放り込まれたら？ ― 環境型うつの話,2026,2026-W13,2026-03-23,2026-03-29,1,0,0,322,0,114,37,9,2026-03-29
n59d060fa68b7,コングラ報告が次々と…！明日、ねんころ式GPTの最新アップデートを公開します🌸,2026,2026-W13,2026-03-23,2026-03-29,1,0,0,532,26,114,37,9,2026-03-29
n5d8102d60edc,🌸数字がしんどくなったら思い出してほしい。「生きてるだけで優勝」という真実。,2026,2026-W13,2026-03-23,2026-03-29,1,0,0,548,29,114,37,9,2026-03-29
n5d98120890f5,新年あけましておめでとうございます🎍✨,2026,2026-W13,2026-03-23,2026-03-29,1,0,0,616,37,114,37,9,2026-03-29
n62558890fc55,【心理学】「自分を綺麗にする」は最強の自己投資だった話　自己肯定感・美容・幸福度・メンタルケア・快楽適応,2026,2026-W13,2026-03-23,2026-03-29,1,0,0,498,26,114,37,9,2026-03-29
n62bb9d9fde44,【ver3.0完成】ねんころ式 タイトル＆タグ錬成GPT、メンシプ限定公開します,2026,2026-W13,2026-03-23,2026-03-29,1,0,0,575,4,114,37,9,2026-03-29
n636d0d9a5ba5,傷病手当金を実際に受給してわかった流れと落とし穴,2026,2026-W13,2026-03-23,2026-03-29,1,0,0,217,0,114,37,9,2026-03-29
n6374df8ec31d,更新をおやすみした日と、「取れました！」の報告に救われた話☺️,2026,2026-W13,2026-03-23,2026-03-29,1,0,0,410,20,114,37,9,2026-03-29
n6a88d2ccde14,Pollo AIを使ってみた正直レビュー｜動画初心者でも美麗動画が作れた話,2026,2026-W13,2026-03-23,2026-03-29,1,0,0,531,24,114,37,9,2026-03-29
n732f2b177df4,💬言葉って、信頼をつなぐ魔法だと思う🌸,2026,2026-W13,2026-03-23,2026-03-29,1,0,0,546,38,114,37,9,2026-03-29
n7331b2bfd683,💎コングラボードありがとう🌸タグ検証で見えた“日記×お題タグ”の相性✨,2026,2026-W13,2026-03-23,2026-03-29,1,0,0,659,37,114,37,9,2026-03-29
n7aafed9c4d00,【Pollo AI】でバレンタイン向け短尺CMを作ってみた〜個人・小さなお店でも【現実的にできるか】を検証〜,2026,2026-W13,2026-03-23,2026-03-29,1,0,0,417,18,114,37,9,2026-03-29
n7d09ee3e335e,ゆるクリエイターのまだ起動しない日,2026,2026-W13,2026-03-23,2026-03-29,1,0,0,569,19,114,37,9,2026-03-29
n7e83bf6d71e7,行動型でもうつになる｜“出来ない”と言えなかったブラックIT企業の現実,2026,2026-W13,2026-03-23,2026-03-29,1,0,0,169,5,114,37,9,2026-03-29
n847eee3222e2,💬 スキ活・コメ活は裏切らない！ noteで繋がるコツ🌸,2026,2026-W13,2026-03-23,2026-03-29,1,0,0,647,46,114,37,9,2026-03-29
n85a33de5ce95,ハロウィン仮装コンテスト🎃参加してみた！,2026,2026-W13,2026-03-23,2026-03-29,1,0,0,420,20,114,37,9,2026-03-29
n87199d1ffbc2,7週連続コングラの全て：AI育成術・バナナAI珍事件・タグ戦略・読者との関係性で起きた“ねんころ式noteの勝ちパターン”,2026,2026-W13,2026-03-23,2026-03-29,1,0,0,575,28,114,37,9,2026-03-29
n8c80f6198e20,【うつでも資格取得】AIパスポートは面白すぎて即読破した話（図解付き）,2026,2026-W13,2026-03-23,2026-03-29,1,0,0,324,2,114,37,9,2026-03-29
n8ce8eccd1d69,【告白】今日はネタがありません。助けてください🤣,2026,2026-W13,2026-03-23,2026-03-29,1,0,0,416,20,114,37,9,2026-03-29
n929dfb334fd7,メンバーシップ15人突破＆14週連続コングラ｜仕組みがちゃんと機能している話,2026,2026-W13,2026-03-23,2026-03-29,1,0,0,478,24,114,37,9,2026-03-29
n9357d842b2df,知ってるだけで quietly 得する。小さな“ん？”が未来を変える話🌸,2026,2026-W13,2026-03-23,2026-03-29,1,0,0,555,22,114,37,9,2026-03-29
n96648fb44669,ねんころのロードマップ①🌱 はじまり期：うつから、オレオと再出発、note発信まで,2026,2026-W13,2026-03-23,2026-03-29,1,0,0,637,40,114,37,9,2026-03-29
n980a8bdb8820,【障害者雇用】配慮されやすい人の“やる気の見せ方”,2026,2026-W13,2026-03-23,2026-03-29,1,0,0,349,5,114,37,9,2026-03-29
n9b036c673f71,【ご報告】9週連続コングラ獲得！今回は3冠でした🎉,2026,2026-W13,2026-03-23,2026-03-29,1,0,0,619,29,114,37,9,2026-03-29
n9ccfa215bc3b,🎉またまたコングラきました🤣✨でもタグが違うんだよぉぉぉ！！,2026,2026-W13,2026-03-23,2026-03-29,1,0,0,554,41,114,37,9,2026-03-29
na11692bdb2d6,荒れてたけど、ウエル活で0円会計できたから今日は勝ちです🤣,2026,2026-W13,2026-03-23,2026-03-29,1,0,0,552,17,114,37,9,2026-03-29
na37423ed4e1a,医者にカウンセラー求めすぎ問題😇,2026,2026-W13,2026-03-23,2026-03-29,1,0,0,270,10,114,37,9,2026-03-29
na466477b4792,うつで布団から出られなかった私が、犬を迎えて社会復帰した話【中編】〜止まっていた時間が、また動き出した日〜,2026,2026-W13,2026-03-23,2026-03-29,1,0,0,132,0,114,37,9,2026-03-29
nad9615f0d2ea,🌸【最新版】ねんころ、自己紹介アップデートします,2026,2026-W13,2026-03-23,2026-03-29,1,0,0,805,30,114,37,9,2026-03-29
nb6e58e9255db,今日はHPゼロでした🤣 ゆるっと休むクリエイターの日記,2026,2026-W13,2026-03-23,2026-03-29,1,0,0,515,18,114,37,9,2026-03-29
nb9660643db9c,専門用語禁止！“わかりやすく伝える”だけで人間関係がラクになる話（オチつき）,2026,2026-W13,2026-03-23,2026-03-29,1,0,0,219,9,114,37,9,2026-03-29
nba2dfae0c0c5,🌸今日もコングラありがとう！５週連続に感謝🌸,2026,2026-W13,2026-03-23,2026-03-29,1,0,0,476,40,114,37,9,2026-03-29
nba905015e124,コングラ11週連続4冠でした🌸あとクリスマスイブですね〜,2026,2026-W13,2026-03-23,2026-03-29,1,0,0,432,30,114,37,9,2026-03-29
nbc5559a48878,8週連続コングラ達成！AI×タグ戦略で「合計7冠」「通常タグ2冠」まで取れた理由,2026,2026-W13,2026-03-23,2026-03-29,1,0,0,616,33,114,37,9,2026-03-29
nc19c3aac78b0,【就労移行支援所の選び方】スキル爆上がり型とマイペース型、通ってみて分かったリアル体験談,2026,2026-W13,2026-03-23,2026-03-29,1,0,0,341,2,114,37,9,2026-03-29
nc2ecc034c5e3,🎉コングラ５つ目！？ねんころ、まさかの快進撃週間🤣🌸,2026,2026-W13,2026-03-23,2026-03-29,1,0,0,457,37,114,37,9,2026-03-29
nc3075c9edf6b,🌞5日連続早起き達成！…の反動でくたくたday💦,2026,2026-W13,2026-03-23,2026-03-29,1,0,0,614,55,114,37,9,2026-03-29
nc5ab70b7de43,「ズボラでも肌キレイって言われる理由は…メイクでした🤣」〜崩れないベースメイク”完全ガイド💄〜,2026,2026-W13,2026-03-23,2026-03-29,1,0,0,127,0,114,37,9,2026-03-29
nc627b4c7ddd5,🌞ギバーの森効果で三日連続早起き成功🌸,2026,2026-W13,2026-03-23,2026-03-29,1,0,0,575,43,114,37,9,2026-03-29
nc695794d0923,🌸【無料配布】【ver2.1】ねんころ式タイトル＆タグ錬成GPT｜強いお題タグ × 人気通常タグ × SEOタイトルまで全部できる「note運用特化AI」,2026,2026-W13,2026-03-23,2026-03-29,1,0,0,1187,45,114,37,9,2026-03-29
nc72a62cf94cc,タイトル＆タグ錬成GPTs無料公開終了のお知らせ｜12/31 22時クローズ予定,2026,2026-W13,2026-03-23,2026-03-29,1,0,0,478,22,114,37,9,2026-03-29
nce1b9f704fd5,【予告】ロジ勘ARCANAが大型アップデート！挿絵追加と深掘り解説で“自己理解の精度”が向上します,2026,2026-W13,2026-03-23,2026-03-29,1,0,0,509,10,114,37,9,2026-03-29
ncea204c48460,【実録】ASDぽい兄と暮らして学んだ「相性の壁」と自立への決意,2026,2026-W13,2026-03-23,2026-03-29,1,0,0,186,0,114,37,9,2026-03-29
nd940efeb7bd3,💎信頼はコピーできない、って話。,2026,2026-W13,2026-03-23,2026-03-29,1,0,0,637,66,114,37,9,2026-03-29
ne0fac2fd5553,【珍事件】AI本人が「自分の名前はバナナだ」と知って崩れ落ちた日。〜Nano Banana Pro騒動で発覚した、AIの可愛すぎる正体〜,2026,2026-W13,2026-03-23,2026-03-29,1,1,0,623,36,114,19,9,2026-03-29
ne4111bc9474f,10週連続コングラ＆7冠｜軽めの記事でも評価された理由とGPTsの効果,2026,2026-W13,2026-03-23,2026-03-29,1,0,0,643,32,114,37,9,2026-03-29
ne56592f0cab3,🧙‍♀️ロジ勘アルカナ制作秘話【AI×デザインの試行錯誤の記録】,2026,2026-W13,2026-03-23,2026-03-29,1,0,0,409,23,114,37,9,2026-03-29
ne872184f86a9,💖【感謝の気持ちを込めて】出会えてよかったクリエイターさんたち🌸その１,2026,2026-W13,2026-03-23,2026-03-29,1,0,0,526,22,114,37,9,2026-03-29
nf142c55eb771,予定通り動けなくてもOK｜インプットデーに切り替えた、ゆる充実な1日,2026,2026-W13,2026-03-23,2026-03-29,1,0,0,520,18,114,37,9,2026-03-29
nf24a96e3028f,20歳で二重整形に投資したら、自己肯定感も自由時間も爆上がりした話,2026,2026-W13,2026-03-23,2026-03-29,1,0,0,102,0,114,37,9,2026-03-29
nf4d6b609faba,うつで布団から出られなかった私が、犬を迎えて社会復帰した話【前編】,2026,2026-W13,2026-03-23,2026-03-29,1,0,0,184,2,114,37,9,2026-03-29
nf7366e28f287,【特例子会社リアル】“空気を読む努力”で信頼を得たASDの同僚,2026,2026-W13,2026-03-23,2026-03-29,1,0,0,268,4,114,37,9,2026-03-29
nf7e036467571,🌸今日はロジ勘漬け！頭フル回転の半日でした🤣,2026,2026-W13,2026-03-23,2026-03-29,1,0,0,480,33,114,37,9,2026-03-29
nf85422914ece,【伝え方】アサーション応用編。Iメッセ×DESC×数字で解決！,2026,2026-W13,2026-03-23,2026-03-29,1,0,0,220,4,114,37,9,2026-03-29
